--
-- PostgreSQL database dump
--

-- Dumped from database version 13.2 (Debian 13.2-1)
-- Dumped by pg_dump version 13.2 (Debian 13.2-1)

SET statement_timeout = 0;
SET lock_timeout = 0;
SET idle_in_transaction_session_timeout = 0;
SET client_encoding = 'UTF8';
SET standard_conforming_strings = on;
SELECT pg_catalog.set_config('search_path', '', false);
SET check_function_bodies = false;
SET xmloption = content;
SET client_min_messages = warning;
SET row_security = off;

SET default_tablespace = '';

SET default_table_access_method = heap;

--
-- Name: ing_to_wine; Type: TABLE; Schema: public; Owner: -
--

CREATE TABLE public.ing_to_wine (
    ingredient_id integer,
    wine_id integer
);


--
-- Name: ingredient; Type: TABLE; Schema: public; Owner: -
--

CREATE TABLE public.ingredient (
    title character varying(80) NOT NULL,
    id integer NOT NULL,
    substitutes text,
    calories double precision,
    cost double precision,
    image character varying(500)
);


--
-- Name: ingredient_id_seq; Type: SEQUENCE; Schema: public; Owner: -
--

CREATE SEQUENCE public.ingredient_id_seq
    AS integer
    START WITH 1
    INCREMENT BY 1
    NO MINVALUE
    NO MAXVALUE
    CACHE 1;


--
-- Name: ingredient_id_seq; Type: SEQUENCE OWNED BY; Schema: public; Owner: -
--

ALTER SEQUENCE public.ingredient_id_seq OWNED BY public.ingredient.id;


--
-- Name: recipe; Type: TABLE; Schema: public; Owner: -
--

CREATE TABLE public.recipe (
    title character varying(250) NOT NULL,
    id integer NOT NULL,
    summary text,
    instructions text,
    "sourceURL" character varying(250),
    image character varying(500),
    "pricePerServing" double precision,
    "readyMin" integer,
    "numServings" integer
);


--
-- Name: recipe_id_seq; Type: SEQUENCE; Schema: public; Owner: -
--

CREATE SEQUENCE public.recipe_id_seq
    AS integer
    START WITH 1
    INCREMENT BY 1
    NO MINVALUE
    NO MAXVALUE
    CACHE 1;


--
-- Name: recipe_id_seq; Type: SEQUENCE OWNED BY; Schema: public; Owner: -
--

ALTER SEQUENCE public.recipe_id_seq OWNED BY public.recipe.id;


--
-- Name: recipes_to_ing; Type: TABLE; Schema: public; Owner: -
--

CREATE TABLE public.recipes_to_ing (
    recipe_id integer,
    ingredient_id integer
);


--
-- Name: recipes_to_wine; Type: TABLE; Schema: public; Owner: -
--

CREATE TABLE public.recipes_to_wine (
    recipe_id integer,
    wine_id integer
);


--
-- Name: wine; Type: TABLE; Schema: public; Owner: -
--

CREATE TABLE public.wine (
    title character varying(80) NOT NULL,
    id integer NOT NULL,
    description text,
    "sourceURL" character varying(250),
    "sourceIMG" character varying(250),
    rating double precision,
    price character varying(80),
    "ratingCount" integer
);


--
-- Name: wine_id_seq; Type: SEQUENCE; Schema: public; Owner: -
--

CREATE SEQUENCE public.wine_id_seq
    AS integer
    START WITH 1
    INCREMENT BY 1
    NO MINVALUE
    NO MAXVALUE
    CACHE 1;


--
-- Name: wine_id_seq; Type: SEQUENCE OWNED BY; Schema: public; Owner: -
--

ALTER SEQUENCE public.wine_id_seq OWNED BY public.wine.id;


--
-- Name: ingredient id; Type: DEFAULT; Schema: public; Owner: -
--

ALTER TABLE ONLY public.ingredient ALTER COLUMN id SET DEFAULT nextval('public.ingredient_id_seq'::regclass);


--
-- Name: recipe id; Type: DEFAULT; Schema: public; Owner: -
--

ALTER TABLE ONLY public.recipe ALTER COLUMN id SET DEFAULT nextval('public.recipe_id_seq'::regclass);


--
-- Name: wine id; Type: DEFAULT; Schema: public; Owner: -
--

ALTER TABLE ONLY public.wine ALTER COLUMN id SET DEFAULT nextval('public.wine_id_seq'::regclass);


--
-- Data for Name: ing_to_wine; Type: TABLE DATA; Schema: public; Owner: -
--

COPY public.ing_to_wine (ingredient_id, wine_id) FROM stdin;
99031	456096
11294	456096
11215	456096
11457	456096
11124	456096
11291	456096
11260	456096
11477	456096
4053	456096
4058	456096
16124	456096
19335	456096
2047	456096
11233	456096
16058	456096
11507	456096
11677	456096
2044	456096
1032009	456096
14003	456096
9297	456096
1012028	456096
1002014	456096
1001	456096
9160	456096
1102047	456096
99031	474066
11294	474066
11215	474066
11457	474066
11124	474066
11291	474066
11260	474066
11477	474066
4053	474066
4058	474066
16124	474066
19335	474066
2047	474066
11233	474066
16058	474066
11507	474066
11677	474066
2044	474066
1032009	474066
14003	474066
9297	474066
1012028	474066
1002014	474066
1001	474066
9160	474066
1102047	474066
11282	456096
10011693	456096
2004	456096
14412	456096
16069	456096
11297	456096
11282	474066
10011693	474066
2004	474066
14412	474066
16069	474066
11297	474066
19912	456096
9152	456096
93690	456096
12698	456096
19912	474066
9152	474066
93690	474066
12698	474066
20081	456096
35137	456096
18371	456096
11156	456096
1012	456096
1123	456096
4582	456096
1077	456096
14121	456096
20081	474066
35137	474066
18371	474066
11156	474066
1012	474066
1123	474066
4582	474066
1077	474066
14121	474066
9003	456096
19334	456096
2010	456096
9156	456096
1145	456096
9003	474066
19334	474066
2010	474066
9156	474066
1145	474066
11135	456096
1022027	456096
1001025	456096
1002030	456096
11135	474066
1022027	474066
1001025	474066
1002030	474066
11216	456096
13311111	456096
19296	456096
2064	456096
11216	474066
13311111	474066
19296	474066
2064	474066
2003	456096
2036	456096
2042	456096
2018	456096
1082047	456096
5006	456096
2003	474066
2036	474066
2042	474066
2018	474066
1082047	474066
5006	474066
10123	456096
1002046	456096
2029	456096
11352	456096
10123	474066
1002046	474066
2029	474066
11352	474066
1006	456096
11209	456096
11641	456096
10411529	456096
2049	456096
1006	474066
11209	474066
11641	474066
10411529	474066
2049	474066
10311529	456096
11165	456096
1053	456096
10720420	456096
15152	456096
10311529	474066
11165	474066
1053	474066
10720420	474066
15152	474066
9279	456096
1125	456096
9279	474066
1125	474066
12155	456096
10019903	456096
10020081	456096
9019	456096
2050	456096
12155	474066
10019903	474066
10020081	474066
9019	474066
2050	474066
5062	456096
1002010	456096
93818	456096
1002011	456096
31015	456096
10111215	456096
93754	456096
2037	456096
5062	474066
1002010	474066
93818	474066
1002011	474066
31015	474066
10111215	474066
93754	474066
2037	474066
99031	459019
11294	459019
11215	459019
11457	459019
11124	459019
11291	459019
11260	459019
11477	459019
4053	459019
4058	459019
16124	459019
19335	459019
2047	459019
11233	459019
16058	459019
11507	459019
11677	459019
2044	459019
1032009	459019
14003	459019
9297	459019
1012028	459019
1002014	459019
1001	459019
9160	459019
1102047	459019
11282	459019
10011693	459019
2004	459019
14412	459019
16069	459019
11297	459019
19912	459019
9152	459019
93690	459019
12698	459019
20081	459019
35137	459019
18371	459019
11156	459019
1012	459019
1123	459019
4582	459019
1077	459019
14121	459019
9003	459019
19334	459019
2010	459019
9156	459019
1145	459019
11135	459019
1022027	459019
1001025	459019
1002030	459019
11216	459019
13311111	459019
19296	459019
2064	459019
2003	459019
2036	459019
2042	459019
2018	459019
1082047	459019
5006	459019
10123	459019
1002046	459019
2029	459019
11352	459019
1006	459019
11209	459019
11641	459019
10411529	459019
2049	459019
10311529	459019
11165	459019
1053	459019
10720420	459019
15152	459019
9279	459019
1125	459019
12155	459019
10019903	459019
10020081	459019
9019	459019
2050	459019
5062	459019
1002010	459019
93818	459019
1002011	459019
31015	459019
10111215	459019
93754	459019
2037	459019
8160	456096
1001116	456096
8160	474066
1001116	474066
8160	459019
1001116	459019
99031	492948
11294	492948
11215	492948
11457	492948
11124	492948
11291	492948
11260	492948
11477	492948
4053	492948
4058	492948
16124	492948
19335	492948
2047	492948
11233	492948
16058	492948
11507	492948
11677	492948
2044	492948
1032009	492948
14003	492948
9297	492948
1012028	492948
1002014	492948
1001	492948
9160	492948
1102047	492948
11282	492948
10011693	492948
2004	492948
14412	492948
16069	492948
11297	492948
19912	492948
9152	492948
93690	492948
12698	492948
20081	492948
35137	492948
18371	492948
11156	492948
1012	492948
1123	492948
4582	492948
1077	492948
14121	492948
9003	492948
19334	492948
2010	492948
9156	492948
1145	492948
11135	492948
1022027	492948
1001025	492948
1002030	492948
11216	492948
13311111	492948
19296	492948
2064	492948
2003	492948
2036	492948
2042	492948
2018	492948
1082047	492948
5006	492948
10123	492948
1002046	492948
2029	492948
11352	492948
1006	492948
11209	492948
11641	492948
10411529	492948
2049	492948
10311529	492948
11165	492948
1053	492948
10720420	492948
15152	492948
9279	492948
1125	492948
12155	492948
10019903	492948
10020081	492948
9019	492948
2050	492948
5062	492948
1002010	492948
93818	492948
1002011	492948
31015	492948
10111215	492948
93754	492948
2037	492948
8160	492948
1001116	492948
10120420	456096
1026	456096
11529	456096
10120420	474066
1026	474066
11529	474066
10120420	459019
1026	459019
11529	459019
10120420	492948
1026	492948
11529	492948
18372	456096
9040	456096
9050	456096
1124	456096
1001256	456096
10020080	456096
18372	474066
9040	474066
9050	474066
1124	474066
1001256	474066
10020080	474066
18372	459019
9040	459019
9050	459019
1124	459019
1001256	459019
10020080	459019
18372	492948
9040	492948
9050	492948
1124	492948
1001256	492948
10020080	492948
12117	456096
1095	456096
9139	456096
16091	456096
12117	474066
1095	474066
9139	474066
16091	474066
12117	459019
1095	459019
9139	459019
16091	459019
12117	492948
1095	492948
9139	492948
16091	492948
11485	456096
93767	456096
2015	456096
2021	456096
1016168	456096
16213	456096
11485	474066
93767	474066
2015	474066
2021	474066
1016168	474066
16213	474066
11485	459019
93767	459019
2015	459019
2021	459019
1016168	459019
16213	459019
11485	492948
93767	492948
2015	492948
2021	492948
1016168	492948
16213	492948
11098	456096
11098	474066
11098	459019
11098	492948
6080	456096
9176	456096
1032027	456096
4513	456096
6080	474066
9176	474066
1032027	474066
4513	474066
6080	459019
9176	459019
1032027	459019
4513	459019
6080	492948
9176	492948
1032027	492948
4513	492948
1012034	456096
2009	456096
10014412	456096
1012034	474066
2009	474066
10014412	474066
1012034	459019
2009	459019
10014412	459019
1012034	492948
2009	492948
10014412	492948
10019146	456096
99040	456096
16098	456096
8120	456096
10019146	474066
99040	474066
16098	474066
8120	474066
10019146	459019
99040	459019
16098	459019
8120	459019
10019146	492948
99040	492948
16098	492948
8120	492948
1214	456096
93644	456096
1214	474066
93644	474066
1214	459019
93644	459019
1214	492948
93644	492948
93622	456096
10111111	456096
19177	456096
1001056	456096
6150	456096
9042	456096
10114037	456096
2006	456096
93622	474066
10111111	474066
19177	474066
1001056	474066
6150	474066
9042	474066
10114037	474066
2006	474066
93622	459019
10111111	459019
19177	459019
1001056	459019
6150	459019
9042	459019
10114037	459019
2006	459019
93622	492948
10111111	492948
19177	492948
1001056	492948
6150	492948
9042	492948
10114037	492948
2006	492948
1017	456096
1012010	456096
12142	456096
1029003	456096
1017	474066
1012010	474066
12142	474066
1029003	474066
1017	459019
1012010	459019
12142	459019
1029003	459019
1017	492948
1012010	492948
12142	492948
1029003	492948
93607	456096
14317	456096
9316	456096
19095	456096
1054	456096
93607	474066
14317	474066
9316	474066
19095	474066
1054	474066
93607	459019
14317	459019
9316	459019
19095	459019
1054	459019
93607	492948
14317	492948
9316	492948
19095	492948
1054	492948
10211821	456096
1159	456096
1038	456096
10211821	474066
1159	474066
1038	474066
10211821	459019
1159	459019
1038	459019
10211821	492948
1159	492948
1038	492948
11143	456096
6194	456096
10010062	456096
18069	456096
11143	474066
6194	474066
10010062	474066
18069	474066
11143	459019
6194	459019
10010062	459019
18069	459019
11143	492948
6194	492948
10010062	492948
18069	492948
99031	438603
11294	438603
11215	438603
11457	438603
11124	438603
11291	438603
11260	438603
11477	438603
4053	438603
4058	438603
16124	438603
19335	438603
2047	438603
11233	438603
16058	438603
11507	438603
11677	438603
2044	438603
1032009	438603
14003	438603
9297	438603
1012028	438603
1002014	438603
1001	438603
9160	438603
1102047	438603
11282	438603
10011693	438603
2004	438603
14412	438603
16069	438603
11297	438603
19912	438603
9152	438603
93690	438603
12698	438603
20081	438603
35137	438603
18371	438603
11156	438603
1012	438603
1123	438603
4582	438603
1077	438603
14121	438603
9003	438603
19334	438603
2010	438603
9156	438603
1145	438603
11135	438603
1022027	438603
1001025	438603
1002030	438603
11216	438603
13311111	438603
19296	438603
2064	438603
2003	438603
2036	438603
2042	438603
2018	438603
1082047	438603
5006	438603
10123	438603
1002046	438603
2029	438603
11352	438603
1006	438603
11209	438603
11641	438603
10411529	438603
2049	438603
10311529	438603
11165	438603
1053	438603
10720420	438603
15152	438603
9279	438603
1125	438603
12155	438603
10019903	438603
10020081	438603
9019	438603
2050	438603
5062	438603
1002010	438603
93818	438603
1002011	438603
31015	438603
10111215	438603
93754	438603
2037	438603
8160	438603
1001116	438603
10120420	438603
1026	438603
11529	438603
18372	438603
9040	438603
9050	438603
1124	438603
1001256	438603
10020080	438603
12117	438603
1095	438603
9139	438603
16091	438603
11485	438603
93767	438603
2015	438603
2021	438603
1016168	438603
16213	438603
11098	438603
6080	438603
9176	438603
1032027	438603
4513	438603
1012034	438603
2009	438603
10014412	438603
10019146	438603
99040	438603
16098	438603
8120	438603
1214	438603
93644	438603
93622	438603
10111111	438603
19177	438603
1001056	438603
6150	438603
9042	438603
10114037	438603
2006	438603
1017	438603
1012010	438603
12142	438603
1029003	438603
93607	438603
14317	438603
9316	438603
19095	438603
1054	438603
10211821	438603
1159	438603
1038	438603
11143	438603
6194	438603
10010062	438603
18069	438603
1034053	456096
1034053	474066
1034053	459019
1034053	492948
1034053	438603
93740	456096
19165	456096
12220	456096
19304	456096
12023	456096
20648	456096
93740	474066
19165	474066
12220	474066
19304	474066
12023	474066
20648	474066
93740	459019
19165	459019
12220	459019
19304	459019
12023	459019
20648	459019
93740	492948
19165	492948
12220	492948
19304	492948
12023	492948
20648	492948
93740	438603
19165	438603
12220	438603
19304	438603
12023	438603
20648	438603
10018368	456096
20027	456096
10018368	474066
20027	474066
10018368	459019
20027	459019
10018368	492948
20027	492948
10018368	438603
20027	438603
99031	492964
11294	492964
11215	492964
11457	492964
11124	492964
11291	492964
11260	492964
11477	492964
4053	492964
4058	492964
16124	492964
19335	492964
2047	492964
11233	492964
16058	492964
11507	492964
11677	492964
2044	492964
1032009	492964
14003	492964
9297	492964
1012028	492964
1002014	492964
1001	492964
9160	492964
1102047	492964
11282	492964
10011693	492964
2004	492964
14412	492964
16069	492964
11297	492964
19912	492964
9152	492964
93690	492964
12698	492964
20081	492964
35137	492964
18371	492964
11156	492964
1012	492964
1123	492964
4582	492964
1077	492964
14121	492964
9003	492964
19334	492964
2010	492964
9156	492964
1145	492964
11135	492964
1022027	492964
1001025	492964
1002030	492964
11216	492964
13311111	492964
19296	492964
2064	492964
2003	492964
2036	492964
2042	492964
2018	492964
1082047	492964
5006	492964
10123	492964
1002046	492964
2029	492964
11352	492964
1006	492964
11209	492964
11641	492964
10411529	492964
2049	492964
10311529	492964
11165	492964
1053	492964
10720420	492964
15152	492964
9279	492964
1125	492964
12155	492964
10019903	492964
10020081	492964
9019	492964
2050	492964
5062	492964
1002010	492964
93818	492964
1002011	492964
31015	492964
10111215	492964
93754	492964
2037	492964
8160	492964
1001116	492964
10120420	492964
1026	492964
11529	492964
18372	492964
9040	492964
9050	492964
1124	492964
1001256	492964
10020080	492964
12117	492964
1095	492964
9139	492964
16091	492964
11485	492964
93767	492964
2015	492964
2021	492964
1016168	492964
16213	492964
11098	492964
6080	492964
9176	492964
1032027	492964
4513	492964
1012034	492964
2009	492964
10014412	492964
10019146	492964
99040	492964
16098	492964
8120	492964
1214	492964
93644	492964
93622	492964
10111111	492964
19177	492964
1001056	492964
6150	492964
9042	492964
10114037	492964
2006	492964
1017	492964
1012010	492964
12142	492964
1029003	492964
93607	492964
14317	492964
9316	492964
19095	492964
1054	492964
10211821	492964
1159	492964
1038	492964
11143	492964
6194	492964
10010062	492964
18069	492964
1034053	492964
93740	492964
19165	492964
12220	492964
19304	492964
12023	492964
20648	492964
10018368	492964
20027	492964
11011	456096
1041009	456096
18079	456096
11011	474066
1041009	474066
18079	474066
11011	459019
1041009	459019
18079	459019
11011	492948
1041009	492948
18079	492948
11011	438603
1041009	438603
18079	438603
11011	492964
1041009	492964
18079	492964
1021009	456096
1021009	474066
1021009	459019
1021009	492948
1021009	438603
1021009	492964
2023	456096
10219	456096
23557	456096
2027	456096
1033	456096
93646	456096
10511282	456096
2023	474066
10219	474066
23557	474066
2027	474066
1033	474066
93646	474066
10511282	474066
2023	459019
10219	459019
23557	459019
2027	459019
1033	459019
93646	459019
10511282	459019
2023	492948
10219	492948
23557	492948
2027	492948
1033	492948
93646	492948
10511282	492948
2023	438603
10219	438603
23557	438603
2027	438603
1033	438603
93646	438603
10511282	438603
2023	492964
10219	492964
23557	492964
2027	492964
1033	492964
93646	492964
10511282	492964
9216	456096
10019087	456096
9216	474066
10019087	474066
9216	459019
10019087	459019
9216	492948
10019087	492948
9216	438603
10019087	438603
9216	492964
10019087	492964
19350	456096
5139	456096
1002002	456096
6175	456096
1022053	456096
2032	456096
19350	474066
5139	474066
1002002	474066
6175	474066
1022053	474066
2032	474066
19350	459019
5139	459019
1002002	459019
6175	459019
1022053	459019
2032	459019
19350	492948
5139	492948
1002002	492948
6175	492948
1022053	492948
2032	492948
19350	438603
5139	438603
1002002	438603
6175	438603
1022053	438603
2032	438603
19350	492964
5139	492964
1002002	492964
6175	492964
1022053	492964
2032	492964
99031	464148
11294	464148
11215	464148
11457	464148
11124	464148
11291	464148
11260	464148
11477	464148
4053	464148
4058	464148
16124	464148
19335	464148
2047	464148
11233	464148
16058	464148
11507	464148
11677	464148
2044	464148
1032009	464148
14003	464148
9297	464148
1012028	464148
1002014	464148
1001	464148
9160	464148
1102047	464148
11282	464148
10011693	464148
2004	464148
14412	464148
16069	464148
11297	464148
19912	464148
9152	464148
93690	464148
12698	464148
20081	464148
35137	464148
18371	464148
11156	464148
1012	464148
1123	464148
4582	464148
1077	464148
14121	464148
9003	464148
19334	464148
2010	464148
9156	464148
1145	464148
11135	464148
1022027	464148
1001025	464148
1002030	464148
11216	464148
13311111	464148
19296	464148
2064	464148
2003	464148
2036	464148
2042	464148
2018	464148
1082047	464148
5006	464148
10123	464148
1002046	464148
2029	464148
11352	464148
1006	464148
11209	464148
11641	464148
10411529	464148
2049	464148
10311529	464148
11165	464148
1053	464148
10720420	464148
15152	464148
9279	464148
1125	464148
12155	464148
10019903	464148
10020081	464148
9019	464148
2050	464148
5062	464148
1002010	464148
93818	464148
1002011	464148
31015	464148
10111215	464148
93754	464148
2037	464148
8160	464148
1001116	464148
10120420	464148
1026	464148
11529	464148
18372	464148
9040	464148
9050	464148
1124	464148
1001256	464148
10020080	464148
12117	464148
1095	464148
9139	464148
16091	464148
11485	464148
93767	464148
2015	464148
2021	464148
1016168	464148
16213	464148
11098	464148
6080	464148
9176	464148
1032027	464148
4513	464148
1012034	464148
2009	464148
10014412	464148
10019146	464148
99040	464148
16098	464148
8120	464148
1214	464148
93644	464148
93622	464148
10111111	464148
19177	464148
1001056	464148
6150	464148
9042	464148
10114037	464148
2006	464148
1017	464148
1012010	464148
12142	464148
1029003	464148
93607	464148
14317	464148
9316	464148
19095	464148
1054	464148
10211821	464148
1159	464148
1038	464148
11143	464148
6194	464148
10010062	464148
18069	464148
1034053	464148
93740	464148
19165	464148
12220	464148
19304	464148
12023	464148
20648	464148
10018368	464148
20027	464148
11011	464148
1041009	464148
18079	464148
1021009	464148
2023	464148
10219	464148
23557	464148
2027	464148
1033	464148
93646	464148
10511282	464148
9216	464148
10019087	464148
19350	464148
5139	464148
1002002	464148
6175	464148
1022053	464148
2032	464148
11250	456096
11819	456096
6179	456096
11821	456096
10118368	456096
11250	474066
11819	474066
6179	474066
11821	474066
10118368	474066
11250	459019
11819	459019
6179	459019
11821	459019
10118368	459019
11250	492948
11819	492948
6179	492948
11821	492948
10118368	492948
11250	438603
11819	438603
6179	438603
11821	438603
10118368	438603
11250	492964
11819	492964
6179	492964
11821	492964
10118368	492964
11250	464148
11819	464148
6179	464148
11821	464148
10118368	464148
99031	439943
11294	439943
11215	439943
11457	439943
11124	439943
11291	439943
11260	439943
11477	439943
4053	439943
4058	439943
16124	439943
19335	439943
2047	439943
11233	439943
16058	439943
11507	439943
11677	439943
2044	439943
1032009	439943
14003	439943
9297	439943
1012028	439943
1002014	439943
1001	439943
9160	439943
1102047	439943
11282	439943
10011693	439943
2004	439943
14412	439943
16069	439943
11297	439943
19912	439943
9152	439943
93690	439943
12698	439943
20081	439943
35137	439943
18371	439943
11156	439943
1012	439943
1123	439943
4582	439943
1077	439943
14121	439943
9003	439943
19334	439943
2010	439943
9156	439943
1145	439943
11135	439943
1022027	439943
1001025	439943
1002030	439943
11216	439943
13311111	439943
19296	439943
2064	439943
2003	439943
2036	439943
2042	439943
2018	439943
1082047	439943
5006	439943
10123	439943
1002046	439943
2029	439943
11352	439943
1006	439943
11209	439943
11641	439943
10411529	439943
2049	439943
10311529	439943
11165	439943
1053	439943
10720420	439943
15152	439943
9279	439943
1125	439943
12155	439943
10019903	439943
10020081	439943
9019	439943
2050	439943
5062	439943
1002010	439943
93818	439943
1002011	439943
31015	439943
10111215	439943
93754	439943
2037	439943
8160	439943
1001116	439943
10120420	439943
1026	439943
11529	439943
18372	439943
9040	439943
9050	439943
1124	439943
1001256	439943
10020080	439943
12117	439943
1095	439943
9139	439943
16091	439943
11485	439943
93767	439943
2015	439943
2021	439943
1016168	439943
16213	439943
11098	439943
6080	439943
9176	439943
1032027	439943
4513	439943
1012034	439943
2009	439943
10014412	439943
10019146	439943
99040	439943
16098	439943
8120	439943
1214	439943
93644	439943
93622	439943
10111111	439943
19177	439943
1001056	439943
6150	439943
9042	439943
10114037	439943
2006	439943
1017	439943
1012010	439943
12142	439943
1029003	439943
93607	439943
14317	439943
9316	439943
19095	439943
1054	439943
10211821	439943
1159	439943
1038	439943
11143	439943
6194	439943
10010062	439943
18069	439943
1034053	439943
93740	439943
19165	439943
12220	439943
19304	439943
12023	439943
20648	439943
10018368	439943
20027	439943
11011	439943
1041009	439943
18079	439943
1021009	439943
2023	439943
10219	439943
23557	439943
2027	439943
1033	439943
93646	439943
10511282	439943
9216	439943
10019087	439943
19350	439943
5139	439943
1002002	439943
6175	439943
1022053	439943
2032	439943
11250	439943
11819	439943
6179	439943
11821	439943
10118368	439943
9206	456096
11601	456096
9206	474066
11601	474066
9206	459019
11601	459019
9206	492948
11601	492948
9206	438603
11601	438603
9206	492964
11601	492964
9206	464148
11601	464148
9206	439943
11601	439943
10010151	456096
10018079	456096
1055062	456096
1040	456096
10010151	474066
10018079	474066
1055062	474066
1040	474066
10010151	459019
10018079	459019
1055062	459019
1040	459019
10010151	492948
10018079	492948
1055062	492948
1040	492948
10010151	438603
10018079	438603
1055062	438603
1040	438603
10010151	492964
10018079	492964
1055062	492964
1040	492964
10010151	464148
10018079	464148
1055062	464148
1040	464148
10010151	439943
10018079	439943
1055062	439943
1040	439943
12118	456096
15050	456096
16033	456096
20444	456096
10011819	456096
12118	474066
15050	474066
16033	474066
20444	474066
10011819	474066
12118	459019
15050	459019
16033	459019
20444	459019
10011819	459019
12118	492948
15050	492948
16033	492948
20444	492948
10011819	492948
12118	438603
15050	438603
16033	438603
20444	438603
10011819	438603
12118	492964
15050	492964
16033	492964
20444	492964
10011819	492964
12118	464148
15050	464148
16033	464148
20444	464148
10011819	464148
12118	439943
15050	439943
16033	439943
20444	439943
10011819	439943
99064	456096
19364	456096
19206	456096
99064	474066
19364	474066
19206	474066
99064	459019
19364	459019
19206	459019
99064	492948
19364	492948
19206	492948
99064	438603
19364	438603
19206	438603
99064	492964
19364	492964
19206	492964
99064	464148
19364	464148
19206	464148
99064	439943
19364	439943
19206	439943
99031	428306
11294	428306
11215	428306
11457	428306
11124	428306
11291	428306
11260	428306
11477	428306
4053	428306
4058	428306
16124	428306
19335	428306
2047	428306
11233	428306
16058	428306
11507	428306
11677	428306
2044	428306
1032009	428306
14003	428306
9297	428306
1012028	428306
1002014	428306
1001	428306
9160	428306
1102047	428306
11282	428306
10011693	428306
2004	428306
14412	428306
16069	428306
11297	428306
19912	428306
9152	428306
93690	428306
12698	428306
20081	428306
35137	428306
18371	428306
11156	428306
1012	428306
1123	428306
4582	428306
1077	428306
14121	428306
9003	428306
19334	428306
2010	428306
9156	428306
1145	428306
11135	428306
1022027	428306
1001025	428306
1002030	428306
11216	428306
13311111	428306
19296	428306
2064	428306
2003	428306
2036	428306
2042	428306
2018	428306
1082047	428306
5006	428306
10123	428306
1002046	428306
2029	428306
11352	428306
1006	428306
11209	428306
11641	428306
10411529	428306
2049	428306
10311529	428306
11165	428306
1053	428306
10720420	428306
15152	428306
9279	428306
1125	428306
12155	428306
10019903	428306
10020081	428306
9019	428306
2050	428306
5062	428306
1002010	428306
93818	428306
1002011	428306
31015	428306
10111215	428306
93754	428306
2037	428306
8160	428306
1001116	428306
10120420	428306
1026	428306
11529	428306
18372	428306
9040	428306
9050	428306
1124	428306
1001256	428306
10020080	428306
12117	428306
1095	428306
9139	428306
16091	428306
11485	428306
93767	428306
2015	428306
2021	428306
1016168	428306
16213	428306
11098	428306
6080	428306
9176	428306
1032027	428306
4513	428306
1012034	428306
2009	428306
10014412	428306
10019146	428306
99040	428306
16098	428306
8120	428306
1214	428306
93644	428306
93622	428306
10111111	428306
19177	428306
1001056	428306
6150	428306
9042	428306
10114037	428306
2006	428306
1017	428306
1012010	428306
12142	428306
1029003	428306
93607	428306
14317	428306
9316	428306
19095	428306
1054	428306
10211821	428306
1159	428306
1038	428306
11143	428306
6194	428306
10010062	428306
18069	428306
1034053	428306
93740	428306
19165	428306
12220	428306
19304	428306
12023	428306
20648	428306
10018368	428306
20027	428306
11011	428306
1041009	428306
18079	428306
1021009	428306
2023	428306
10219	428306
23557	428306
2027	428306
1033	428306
93646	428306
10511282	428306
9216	428306
10019087	428306
19350	428306
5139	428306
1002002	428306
6175	428306
1022053	428306
2032	428306
11250	428306
11819	428306
6179	428306
11821	428306
10118368	428306
9206	428306
11601	428306
10010151	428306
10018079	428306
1055062	428306
1040	428306
12118	428306
15050	428306
16033	428306
20444	428306
10011819	428306
99064	428306
19364	428306
19206	428306
2048	456096
9016	456096
93822	456096
9252	456096
2048	474066
9016	474066
93822	474066
9252	474066
2048	459019
9016	459019
93822	459019
9252	459019
2048	492948
9016	492948
93822	492948
9252	492948
2048	438603
9016	438603
93822	438603
9252	438603
2048	492964
9016	492964
93822	492964
9252	492964
2048	464148
9016	464148
93822	464148
9252	464148
2048	439943
9016	439943
93822	439943
9252	439943
2048	428306
9016	428306
93822	428306
9252	428306
16018	456096
11168	456096
1005114	456096
18364	456096
16018	474066
11168	474066
1005114	474066
18364	474066
16018	459019
11168	459019
1005114	459019
18364	459019
16018	492948
11168	492948
1005114	492948
18364	492948
16018	438603
11168	438603
1005114	438603
18364	438603
16018	492964
11168	492964
1005114	492964
18364	492964
16018	464148
11168	464148
1005114	464148
18364	464148
16018	439943
11168	439943
1005114	439943
18364	439943
16018	428306
11168	428306
1005114	428306
18364	428306
99031	466468
11294	466468
11215	466468
11457	466468
11124	466468
11291	466468
11260	466468
11477	466468
4053	466468
4058	466468
16124	466468
19335	466468
2047	466468
11233	466468
16058	466468
11507	466468
11677	466468
2044	466468
1032009	466468
14003	466468
9297	466468
1012028	466468
1002014	466468
1001	466468
9160	466468
1102047	466468
11282	466468
10011693	466468
2004	466468
14412	466468
16069	466468
11297	466468
19912	466468
9152	466468
93690	466468
12698	466468
20081	466468
35137	466468
18371	466468
11156	466468
1012	466468
1123	466468
4582	466468
1077	466468
14121	466468
9003	466468
19334	466468
2010	466468
9156	466468
1145	466468
11135	466468
1022027	466468
1001025	466468
1002030	466468
11216	466468
13311111	466468
19296	466468
2064	466468
2003	466468
2036	466468
2042	466468
2018	466468
1082047	466468
5006	466468
10123	466468
1002046	466468
2029	466468
11352	466468
1006	466468
11209	466468
11641	466468
10411529	466468
2049	466468
10311529	466468
11165	466468
1053	466468
10720420	466468
15152	466468
9279	466468
1125	466468
12155	466468
10019903	466468
10020081	466468
9019	466468
2050	466468
5062	466468
1002010	466468
93818	466468
1002011	466468
31015	466468
10111215	466468
93754	466468
2037	466468
8160	466468
1001116	466468
10120420	466468
1026	466468
11529	466468
18372	466468
9040	466468
9050	466468
1124	466468
1001256	466468
10020080	466468
12117	466468
1095	466468
9139	466468
16091	466468
11485	466468
93767	466468
2015	466468
2021	466468
1016168	466468
16213	466468
11098	466468
6080	466468
9176	466468
1032027	466468
4513	466468
1012034	466468
2009	466468
10014412	466468
10019146	466468
99040	466468
16098	466468
8120	466468
1214	466468
93644	466468
93622	466468
10111111	466468
19177	466468
1001056	466468
6150	466468
9042	466468
10114037	466468
2006	466468
1017	466468
1012010	466468
12142	466468
1029003	466468
93607	466468
14317	466468
9316	466468
19095	466468
1054	466468
10211821	466468
1159	466468
1038	466468
11143	466468
6194	466468
10010062	466468
18069	466468
1034053	466468
93740	466468
19165	466468
12220	466468
19304	466468
12023	466468
20648	466468
10018368	466468
20027	466468
11011	466468
1041009	466468
18079	466468
1021009	466468
2023	466468
10219	466468
23557	466468
2027	466468
1033	466468
93646	466468
10511282	466468
9216	466468
10019087	466468
19350	466468
5139	466468
1002002	466468
6175	466468
1022053	466468
2032	466468
11250	466468
11819	466468
6179	466468
11821	466468
10118368	466468
9206	466468
11601	466468
10010151	466468
10018079	466468
1055062	466468
1040	466468
12118	466468
15050	466468
16033	466468
20444	466468
10011819	466468
99064	466468
19364	466468
19206	466468
2048	466468
9016	466468
93822	466468
9252	466468
16018	466468
11168	466468
1005114	466468
18364	466468
2031	456096
18439	456096
10151	456096
2031	474066
18439	474066
10151	474066
2031	459019
18439	459019
10151	459019
2031	492948
18439	492948
10151	492948
2031	438603
18439	438603
10151	438603
2031	492964
18439	492964
10151	492964
2031	464148
18439	464148
10151	464148
2031	439943
18439	439943
10151	439943
2031	428306
18439	428306
10151	428306
2031	466468
18439	466468
10151	466468
15012	456096
1056	456096
15012	474066
1056	474066
15012	459019
1056	459019
15012	492948
1056	492948
15012	438603
1056	438603
15012	492964
1056	492964
15012	464148
1056	464148
15012	439943
1056	439943
15012	428306
1056	428306
15012	466468
1056	466468
9037	456096
11167	456096
11979	456096
9159	456096
12151	456096
9037	474066
11167	474066
11979	474066
9159	474066
12151	474066
9037	459019
11167	459019
11979	459019
9159	459019
12151	459019
9037	492948
11167	492948
11979	492948
9159	492948
12151	492948
9037	438603
11167	438603
11979	438603
9159	438603
12151	438603
9037	492964
11167	492964
11979	492964
9159	492964
12151	492964
9037	464148
11167	464148
11979	464148
9159	464148
12151	464148
9037	439943
11167	439943
11979	439943
9159	439943
12151	439943
9037	428306
11167	428306
11979	428306
9159	428306
12151	428306
9037	466468
11167	466468
11979	466468
9159	466468
12151	466468
99031	484130
11294	484130
11215	484130
11457	484130
11124	484130
11291	484130
11260	484130
11477	484130
4053	484130
4058	484130
16124	484130
19335	484130
2047	484130
11233	484130
16058	484130
11507	484130
11677	484130
2044	484130
1032009	484130
14003	484130
9297	484130
1012028	484130
1002014	484130
1001	484130
9160	484130
1102047	484130
11282	484130
10011693	484130
2004	484130
14412	484130
16069	484130
11297	484130
19912	484130
9152	484130
93690	484130
12698	484130
20081	484130
35137	484130
18371	484130
11156	484130
1012	484130
1123	484130
4582	484130
1077	484130
14121	484130
9003	484130
19334	484130
2010	484130
9156	484130
1145	484130
11135	484130
1022027	484130
1001025	484130
1002030	484130
11216	484130
13311111	484130
19296	484130
2064	484130
2003	484130
2036	484130
2042	484130
2018	484130
1082047	484130
5006	484130
10123	484130
1002046	484130
2029	484130
11352	484130
1006	484130
11209	484130
11641	484130
10411529	484130
2049	484130
10311529	484130
11165	484130
1053	484130
10720420	484130
15152	484130
9279	484130
1125	484130
12155	484130
10019903	484130
10020081	484130
9019	484130
2050	484130
5062	484130
1002010	484130
93818	484130
1002011	484130
31015	484130
10111215	484130
93754	484130
2037	484130
8160	484130
1001116	484130
10120420	484130
1026	484130
11529	484130
18372	484130
9040	484130
9050	484130
1124	484130
1001256	484130
10020080	484130
12117	484130
1095	484130
9139	484130
16091	484130
11485	484130
93767	484130
2015	484130
2021	484130
1016168	484130
16213	484130
11098	484130
6080	484130
9176	484130
1032027	484130
4513	484130
1012034	484130
2009	484130
10014412	484130
10019146	484130
99040	484130
16098	484130
8120	484130
1214	484130
93644	484130
93622	484130
10111111	484130
19177	484130
1001056	484130
6150	484130
9042	484130
10114037	484130
2006	484130
1017	484130
1012010	484130
12142	484130
1029003	484130
93607	484130
14317	484130
9316	484130
19095	484130
1054	484130
10211821	484130
1159	484130
1038	484130
11143	484130
6194	484130
10010062	484130
18069	484130
1034053	484130
93740	484130
19165	484130
12220	484130
19304	484130
12023	484130
20648	484130
10018368	484130
20027	484130
11011	484130
1041009	484130
18079	484130
1021009	484130
2023	484130
10219	484130
23557	484130
2027	484130
1033	484130
93646	484130
10511282	484130
9216	484130
10019087	484130
19350	484130
5139	484130
1002002	484130
6175	484130
1022053	484130
2032	484130
11250	484130
11819	484130
6179	484130
11821	484130
10118368	484130
9206	484130
11601	484130
10010151	484130
10018079	484130
1055062	484130
1040	484130
12118	484130
15050	484130
16033	484130
20444	484130
10011819	484130
99064	484130
19364	484130
19206	484130
2048	484130
9016	484130
93822	484130
9252	484130
16018	484130
11168	484130
1005114	484130
18364	484130
2031	484130
18439	484130
10151	484130
15012	484130
1056	484130
9037	484130
11167	484130
11979	484130
9159	484130
12151	484130
1022020	456096
2026	456096
11052	456096
1022020	474066
2026	474066
11052	474066
1022020	459019
2026	459019
11052	459019
1022020	492948
2026	492948
11052	492948
1022020	438603
2026	438603
11052	438603
1022020	492964
2026	492964
11052	492964
1022020	464148
2026	464148
11052	464148
1022020	439943
2026	439943
11052	439943
1022020	428306
2026	428306
11052	428306
1022020	466468
2026	466468
11052	466468
1022020	484130
2026	484130
11052	484130
11252	456096
20035	456096
6164	456096
1011026	456096
11252	474066
20035	474066
6164	474066
1011026	474066
11252	459019
20035	459019
6164	459019
1011026	459019
11252	492948
20035	492948
6164	492948
1011026	492948
11252	438603
20035	438603
6164	438603
1011026	438603
11252	492964
20035	492964
6164	492964
1011026	492964
11252	464148
20035	464148
6164	464148
1011026	464148
11252	439943
20035	439943
6164	439943
1011026	439943
11252	428306
20035	428306
6164	428306
1011026	428306
11252	466468
20035	466468
6164	466468
1011026	466468
11252	484130
20035	484130
6164	484130
1011026	484130
99031	435919
11294	435919
11215	435919
11457	435919
11124	435919
11291	435919
11260	435919
11477	435919
4053	435919
4058	435919
16124	435919
19335	435919
2047	435919
11233	435919
16058	435919
11507	435919
11677	435919
2044	435919
1032009	435919
14003	435919
9297	435919
1012028	435919
1002014	435919
1001	435919
9160	435919
1102047	435919
11282	435919
10011693	435919
2004	435919
14412	435919
16069	435919
11297	435919
19912	435919
9152	435919
93690	435919
12698	435919
20081	435919
35137	435919
18371	435919
11156	435919
1012	435919
1123	435919
4582	435919
1077	435919
14121	435919
9003	435919
19334	435919
2010	435919
9156	435919
1145	435919
11135	435919
1022027	435919
1001025	435919
1002030	435919
11216	435919
13311111	435919
19296	435919
2064	435919
2003	435919
2036	435919
2042	435919
2018	435919
1082047	435919
5006	435919
10123	435919
1002046	435919
2029	435919
11352	435919
1006	435919
11209	435919
11641	435919
10411529	435919
2049	435919
10311529	435919
11165	435919
1053	435919
10720420	435919
15152	435919
9279	435919
1125	435919
12155	435919
10019903	435919
10020081	435919
9019	435919
2050	435919
5062	435919
1002010	435919
93818	435919
1002011	435919
31015	435919
10111215	435919
93754	435919
2037	435919
11252	435919
8160	435919
1001116	435919
10120420	435919
1026	435919
11529	435919
18372	435919
9040	435919
9050	435919
1124	435919
1001256	435919
10020080	435919
12117	435919
1095	435919
9139	435919
16091	435919
11485	435919
93767	435919
2015	435919
2021	435919
1016168	435919
16213	435919
11098	435919
6080	435919
9176	435919
1032027	435919
4513	435919
1012034	435919
2009	435919
10014412	435919
10019146	435919
99040	435919
16098	435919
8120	435919
1214	435919
93644	435919
93622	435919
10111111	435919
19177	435919
1001056	435919
6150	435919
9042	435919
10114037	435919
2006	435919
1017	435919
1012010	435919
12142	435919
1029003	435919
93607	435919
14317	435919
9316	435919
19095	435919
1054	435919
10211821	435919
1159	435919
1038	435919
11143	435919
6194	435919
10010062	435919
18069	435919
1034053	435919
93740	435919
19165	435919
12220	435919
1022020	435919
2026	435919
19304	435919
12023	435919
20648	435919
10018368	435919
20027	435919
11011	435919
1041009	435919
18079	435919
1021009	435919
2023	435919
10219	435919
23557	435919
2027	435919
1033	435919
93646	435919
10511282	435919
9216	435919
10019087	435919
19350	435919
5139	435919
1002002	435919
6175	435919
1022053	435919
2032	435919
11250	435919
11819	435919
6179	435919
11821	435919
10118368	435919
9206	435919
11601	435919
10010151	435919
10018079	435919
1055062	435919
1040	435919
12118	435919
15050	435919
16033	435919
20444	435919
10011819	435919
99064	435919
19364	435919
19206	435919
2048	435919
9016	435919
93822	435919
9252	435919
16018	435919
11168	435919
1005114	435919
18364	435919
2031	435919
18439	435919
10151	435919
15012	435919
1056	435919
9037	435919
11167	435919
11979	435919
9159	435919
12151	435919
11052	435919
20035	435919
6164	435919
1011026	435919
1002047	456096
1002047	474066
1002047	459019
1002047	492948
1002047	438603
1002047	492964
1002047	464148
1002047	439943
1002047	428306
1002047	466468
1002047	484130
1002047	435919
93817	456096
9302	456096
10719297	456096
19087	456096
93817	474066
9302	474066
10719297	474066
19087	474066
93817	459019
9302	459019
10719297	459019
19087	459019
93817	492948
9302	492948
10719297	492948
19087	492948
93817	438603
9302	438603
10719297	438603
19087	438603
93817	492964
9302	492964
10719297	492964
19087	492964
93817	464148
9302	464148
10719297	464148
19087	464148
93817	439943
9302	439943
10719297	439943
19087	439943
93817	428306
9302	428306
10719297	428306
19087	428306
93817	466468
9302	466468
10719297	466468
19087	466468
93817	484130
9302	484130
10719297	484130
19087	484130
93817	435919
9302	435919
10719297	435919
19087	435919
15015	456096
16424	456096
98962	456096
10093754	456096
15015	474066
16424	474066
98962	474066
10093754	474066
15015	459019
16424	459019
98962	459019
10093754	459019
15015	492948
16424	492948
98962	492948
10093754	492948
15015	438603
16424	438603
98962	438603
10093754	438603
15015	492964
16424	492964
98962	492964
10093754	492964
15015	464148
16424	464148
98962	464148
10093754	464148
15015	439943
16424	439943
98962	439943
10093754	439943
15015	428306
16424	428306
98962	428306
10093754	428306
15015	466468
16424	466468
98962	466468
10093754	466468
15015	484130
16424	484130
98962	484130
10093754	484130
15015	435919
16424	435919
98962	435919
10093754	435919
99031	454393
11294	454393
11215	454393
11457	454393
11124	454393
11291	454393
11260	454393
11477	454393
4053	454393
4058	454393
16124	454393
19335	454393
2047	454393
11233	454393
16058	454393
11507	454393
11677	454393
2044	454393
1032009	454393
14003	454393
9297	454393
1012028	454393
1002014	454393
1001	454393
9160	454393
1102047	454393
11282	454393
10011693	454393
2004	454393
14412	454393
16069	454393
11297	454393
19912	454393
9152	454393
93690	454393
12698	454393
20081	454393
35137	454393
18371	454393
11156	454393
1012	454393
1123	454393
4582	454393
1077	454393
14121	454393
9003	454393
19334	454393
2010	454393
9156	454393
1145	454393
11135	454393
1022027	454393
1001025	454393
1002030	454393
11216	454393
13311111	454393
19296	454393
2064	454393
2003	454393
2036	454393
2042	454393
2018	454393
1082047	454393
5006	454393
10123	454393
1002046	454393
2029	454393
11352	454393
1006	454393
11209	454393
11641	454393
10411529	454393
2049	454393
10311529	454393
11165	454393
1053	454393
10720420	454393
15152	454393
9279	454393
1125	454393
12155	454393
10019903	454393
10020081	454393
9019	454393
2050	454393
5062	454393
1002010	454393
93818	454393
1002011	454393
31015	454393
10111215	454393
93754	454393
2037	454393
11252	454393
8160	454393
1001116	454393
10120420	454393
1026	454393
11529	454393
18372	454393
9040	454393
9050	454393
1124	454393
1001256	454393
10020080	454393
12117	454393
1095	454393
9139	454393
16091	454393
11485	454393
93767	454393
2015	454393
2021	454393
1016168	454393
16213	454393
11098	454393
6080	454393
9176	454393
1032027	454393
4513	454393
1012034	454393
2009	454393
10014412	454393
10019146	454393
99040	454393
16098	454393
8120	454393
1214	454393
93644	454393
93622	454393
10111111	454393
19177	454393
1001056	454393
6150	454393
9042	454393
10114037	454393
2006	454393
1017	454393
1012010	454393
12142	454393
1029003	454393
93607	454393
14317	454393
9316	454393
19095	454393
1054	454393
10211821	454393
1159	454393
1038	454393
11143	454393
6194	454393
10010062	454393
18069	454393
1034053	454393
93740	454393
19165	454393
12220	454393
1022020	454393
2026	454393
19304	454393
12023	454393
20648	454393
10018368	454393
20027	454393
11011	454393
1041009	454393
18079	454393
1021009	454393
2023	454393
10219	454393
23557	454393
2027	454393
1033	454393
93646	454393
10511282	454393
9216	454393
10019087	454393
19350	454393
5139	454393
1002002	454393
6175	454393
1022053	454393
2032	454393
11250	454393
11819	454393
6179	454393
11821	454393
10118368	454393
9206	454393
11601	454393
10010151	454393
10018079	454393
1055062	454393
1040	454393
12118	454393
15050	454393
16033	454393
20444	454393
10011819	454393
99064	454393
19364	454393
19206	454393
2048	454393
9016	454393
93822	454393
9252	454393
16018	454393
11168	454393
1005114	454393
18364	454393
2031	454393
18439	454393
10151	454393
15012	454393
1056	454393
9037	454393
11167	454393
11979	454393
9159	454393
12151	454393
11052	454393
20035	454393
6164	454393
1011026	454393
1002047	454393
93817	454393
9302	454393
10719297	454393
19087	454393
15015	454393
16424	454393
98962	454393
10093754	454393
1001001	456096
10214106	456096
6008	456096
18033	456096
1023	456096
1001001	474066
10214106	474066
6008	474066
18033	474066
1023	474066
1001001	459019
10214106	459019
6008	459019
18033	459019
1023	459019
1001001	492948
10214106	492948
6008	492948
18033	492948
1023	492948
1001001	438603
10214106	438603
6008	438603
18033	438603
1023	438603
1001001	492964
10214106	492964
6008	492964
18033	492964
1023	492964
1001001	464148
10214106	464148
6008	464148
18033	464148
1023	464148
1001001	439943
10214106	439943
6008	439943
18033	439943
1023	439943
1001001	428306
10214106	428306
6008	428306
18033	428306
1023	428306
1001001	466468
10214106	466468
6008	466468
18033	466468
1023	466468
1001001	484130
10214106	484130
6008	484130
18033	484130
1023	484130
1001001	435919
10214106	435919
6008	435919
18033	435919
1023	435919
1001001	454393
10214106	454393
6008	454393
18033	454393
1023	454393
99031	484870
11294	484870
11215	484870
11457	484870
11124	484870
11291	484870
11260	484870
11477	484870
4053	484870
4058	484870
16124	484870
19335	484870
2047	484870
11233	484870
16058	484870
11507	484870
11677	484870
2044	484870
1032009	484870
14003	484870
9297	484870
1012028	484870
1002014	484870
1001	484870
9160	484870
1102047	484870
11282	484870
10011693	484870
2004	484870
14412	484870
16069	484870
11297	484870
19912	484870
9152	484870
93690	484870
12698	484870
20081	484870
35137	484870
18371	484870
11156	484870
1012	484870
1123	484870
4582	484870
1077	484870
14121	484870
9003	484870
19334	484870
2010	484870
9156	484870
1145	484870
11135	484870
1022027	484870
1001025	484870
1002030	484870
11216	484870
13311111	484870
19296	484870
2064	484870
2003	484870
2036	484870
2042	484870
2018	484870
1082047	484870
5006	484870
10123	484870
1002046	484870
2029	484870
11352	484870
1006	484870
11209	484870
11641	484870
10411529	484870
2049	484870
10311529	484870
11165	484870
1053	484870
10720420	484870
15152	484870
9279	484870
1125	484870
12155	484870
10019903	484870
10020081	484870
9019	484870
2050	484870
5062	484870
1002010	484870
93818	484870
1002011	484870
31015	484870
10111215	484870
93754	484870
2037	484870
11252	484870
8160	484870
1001116	484870
10120420	484870
1026	484870
11529	484870
18372	484870
9040	484870
9050	484870
1124	484870
1001256	484870
10020080	484870
12117	484870
1095	484870
9139	484870
16091	484870
11485	484870
93767	484870
2015	484870
2021	484870
1016168	484870
16213	484870
11098	484870
6080	484870
9176	484870
1032027	484870
4513	484870
1012034	484870
2009	484870
10014412	484870
10019146	484870
99040	484870
16098	484870
8120	484870
1214	484870
93644	484870
93622	484870
10111111	484870
19177	484870
1001056	484870
6150	484870
9042	484870
10114037	484870
2006	484870
1017	484870
1012010	484870
12142	484870
1029003	484870
93607	484870
14317	484870
9316	484870
19095	484870
1054	484870
10211821	484870
1159	484870
1038	484870
11143	484870
6194	484870
10010062	484870
18069	484870
1034053	484870
93740	484870
19165	484870
12220	484870
1022020	484870
2026	484870
19304	484870
12023	484870
20648	484870
10018368	484870
20027	484870
11011	484870
1041009	484870
18079	484870
1021009	484870
2023	484870
10219	484870
23557	484870
2027	484870
1033	484870
93646	484870
10511282	484870
9216	484870
10019087	484870
19350	484870
5139	484870
1002002	484870
6175	484870
1022053	484870
2032	484870
11250	484870
11819	484870
6179	484870
11821	484870
10118368	484870
9206	484870
11601	484870
10010151	484870
10018079	484870
1055062	484870
1040	484870
12118	484870
15050	484870
16033	484870
20444	484870
10011819	484870
99064	484870
19364	484870
19206	484870
2048	484870
9016	484870
93822	484870
9252	484870
16018	484870
11168	484870
1005114	484870
18364	484870
2031	484870
18439	484870
10151	484870
15012	484870
1056	484870
9037	484870
11167	484870
11979	484870
9159	484870
12151	484870
11052	484870
20035	484870
6164	484870
1011026	484870
1002047	484870
93817	484870
9302	484870
10719297	484870
19087	484870
15015	484870
16424	484870
98962	484870
10093754	484870
1001001	484870
10214106	484870
6008	484870
18033	484870
1023	484870
11962	456096
12087	456096
12104	456096
93628	456096
10112220	456096
11116	456096
20040	456096
1029159	456096
11962	474066
12087	474066
12104	474066
93628	474066
10112220	474066
11116	474066
20040	474066
1029159	474066
11962	459019
12087	459019
12104	459019
93628	459019
10112220	459019
11116	459019
20040	459019
1029159	459019
11962	492948
12087	492948
12104	492948
93628	492948
10112220	492948
11116	492948
20040	492948
1029159	492948
11962	438603
12087	438603
12104	438603
93628	438603
10112220	438603
11116	438603
20040	438603
1029159	438603
11962	492964
12087	492964
12104	492964
93628	492964
10112220	492964
11116	492964
20040	492964
1029159	492964
11962	464148
12087	464148
12104	464148
93628	464148
10112220	464148
11116	464148
20040	464148
1029159	464148
11962	439943
12087	439943
12104	439943
93628	439943
10112220	439943
11116	439943
20040	439943
1029159	439943
11962	428306
12087	428306
12104	428306
93628	428306
10112220	428306
11116	428306
20040	428306
1029159	428306
11962	466468
12087	466468
12104	466468
93628	466468
10112220	466468
11116	466468
20040	466468
1029159	466468
11962	484130
12087	484130
12104	484130
93628	484130
10112220	484130
11116	484130
20040	484130
1029159	484130
11962	435919
12087	435919
12104	435919
93628	435919
10112220	435919
11116	435919
20040	435919
1029159	435919
11962	454393
12087	454393
12104	454393
93628	454393
10112220	454393
11116	454393
20040	454393
1029159	454393
11962	484870
12087	484870
12104	484870
93628	484870
10112220	484870
11116	484870
20040	484870
1029159	484870
99031	455542
11294	455542
11215	455542
11457	455542
11124	455542
11291	455542
11260	455542
11477	455542
4053	455542
4058	455542
16124	455542
19335	455542
2047	455542
11233	455542
16058	455542
11507	455542
11677	455542
2044	455542
1032009	455542
14003	455542
9297	455542
1012028	455542
1002014	455542
1001	455542
9160	455542
1102047	455542
11282	455542
10011693	455542
2004	455542
14412	455542
16069	455542
11297	455542
19912	455542
9152	455542
93690	455542
12698	455542
20081	455542
35137	455542
18371	455542
11156	455542
1012	455542
1123	455542
4582	455542
1077	455542
14121	455542
9003	455542
19334	455542
2010	455542
9156	455542
1145	455542
11135	455542
1022027	455542
1001025	455542
1002030	455542
11216	455542
13311111	455542
19296	455542
2064	455542
2003	455542
2036	455542
2042	455542
2018	455542
1082047	455542
5006	455542
10123	455542
1002046	455542
2029	455542
11352	455542
1006	455542
11209	455542
11641	455542
10411529	455542
2049	455542
10311529	455542
11165	455542
1053	455542
10720420	455542
15152	455542
9279	455542
1125	455542
12155	455542
10019903	455542
10020081	455542
9019	455542
2050	455542
5062	455542
1002010	455542
93818	455542
1002011	455542
31015	455542
10111215	455542
93754	455542
2037	455542
11252	455542
8160	455542
1001116	455542
10120420	455542
1026	455542
11529	455542
18372	455542
9040	455542
9050	455542
1124	455542
1001256	455542
10020080	455542
12117	455542
1095	455542
9139	455542
16091	455542
11485	455542
93767	455542
2015	455542
2021	455542
1016168	455542
16213	455542
11098	455542
6080	455542
9176	455542
1032027	455542
4513	455542
1012034	455542
2009	455542
10014412	455542
10019146	455542
99040	455542
16098	455542
8120	455542
1214	455542
93644	455542
93622	455542
10111111	455542
19177	455542
1001056	455542
6150	455542
9042	455542
10114037	455542
2006	455542
1017	455542
1012010	455542
12142	455542
1029003	455542
93607	455542
14317	455542
9316	455542
19095	455542
1054	455542
10211821	455542
1159	455542
1038	455542
11143	455542
6194	455542
10010062	455542
18069	455542
1034053	455542
93740	455542
19165	455542
12220	455542
1022020	455542
2026	455542
19304	455542
12023	455542
20648	455542
10018368	455542
20027	455542
11011	455542
1041009	455542
18079	455542
1021009	455542
2023	455542
10219	455542
23557	455542
2027	455542
1033	455542
93646	455542
10511282	455542
9216	455542
10019087	455542
19350	455542
5139	455542
1002002	455542
6175	455542
1022053	455542
2032	455542
11250	455542
11819	455542
6179	455542
11821	455542
10118368	455542
9206	455542
11601	455542
10010151	455542
10018079	455542
1055062	455542
1040	455542
12118	455542
15050	455542
16033	455542
20444	455542
10011819	455542
99064	455542
19364	455542
19206	455542
2048	455542
9016	455542
93822	455542
9252	455542
16018	455542
11168	455542
1005114	455542
18364	455542
2031	455542
18439	455542
10151	455542
15012	455542
1056	455542
9037	455542
11167	455542
11979	455542
9159	455542
12151	455542
11052	455542
20035	455542
6164	455542
1011026	455542
1002047	455542
93817	455542
9302	455542
10719297	455542
19087	455542
15015	455542
16424	455542
98962	455542
10093754	455542
1001001	455542
10214106	455542
6008	455542
18033	455542
1023	455542
11962	455542
12087	455542
12104	455542
93628	455542
10112220	455542
11116	455542
20040	455542
1029159	455542
6172	456096
10220445	456096
4042	456096
6172	474066
10220445	474066
4042	474066
6172	459019
10220445	459019
4042	459019
6172	492948
10220445	492948
4042	492948
6172	438603
10220445	438603
4042	438603
6172	492964
10220445	492964
4042	492964
6172	464148
10220445	464148
4042	464148
6172	439943
10220445	439943
4042	439943
6172	428306
10220445	428306
4042	428306
6172	466468
10220445	466468
4042	466468
6172	484130
10220445	484130
4042	484130
6172	435919
10220445	435919
4042	435919
6172	454393
10220445	454393
4042	454393
6172	484870
10220445	484870
4042	484870
6172	455542
10220445	455542
4042	455542
99031	490914
11294	490914
11215	490914
11457	490914
11124	490914
11291	490914
11260	490914
11477	490914
4053	490914
4058	490914
16124	490914
19335	490914
2047	490914
11233	490914
16058	490914
11507	490914
11677	490914
2044	490914
1032009	490914
14003	490914
9297	490914
1012028	490914
1002014	490914
1001	490914
9160	490914
1102047	490914
11282	490914
10011693	490914
2004	490914
14412	490914
16069	490914
11297	490914
19912	490914
9152	490914
93690	490914
12698	490914
20081	490914
35137	490914
18371	490914
11156	490914
1012	490914
1123	490914
4582	490914
1077	490914
14121	490914
9003	490914
19334	490914
2010	490914
9156	490914
1145	490914
11135	490914
1022027	490914
1001025	490914
1002030	490914
11216	490914
13311111	490914
19296	490914
2064	490914
2003	490914
2036	490914
2042	490914
2018	490914
1082047	490914
5006	490914
10123	490914
1002046	490914
2029	490914
11352	490914
1006	490914
11209	490914
11641	490914
10411529	490914
2049	490914
10311529	490914
11165	490914
1053	490914
10720420	490914
15152	490914
9279	490914
1125	490914
12155	490914
10019903	490914
10020081	490914
9019	490914
2050	490914
5062	490914
1002010	490914
93818	490914
1002011	490914
31015	490914
10111215	490914
93754	490914
2037	490914
11252	490914
8160	490914
1001116	490914
10120420	490914
1026	490914
11529	490914
18372	490914
9040	490914
9050	490914
1124	490914
1001256	490914
10020080	490914
12117	490914
1095	490914
9139	490914
16091	490914
11485	490914
93767	490914
2015	490914
2021	490914
1016168	490914
16213	490914
11098	490914
6080	490914
9176	490914
1032027	490914
4513	490914
1012034	490914
2009	490914
10014412	490914
10019146	490914
99040	490914
16098	490914
8120	490914
1214	490914
93644	490914
93622	490914
10111111	490914
19177	490914
1001056	490914
6150	490914
9042	490914
10114037	490914
2006	490914
1017	490914
1012010	490914
12142	490914
1029003	490914
93607	490914
14317	490914
9316	490914
19095	490914
1054	490914
10211821	490914
1159	490914
1038	490914
11143	490914
6194	490914
10010062	490914
18069	490914
1034053	490914
93740	490914
19165	490914
12220	490914
1022020	490914
2026	490914
19304	490914
12023	490914
20648	490914
10018368	490914
20027	490914
11011	490914
1041009	490914
18079	490914
1021009	490914
2023	490914
10219	490914
23557	490914
2027	490914
1033	490914
93646	490914
10511282	490914
9216	490914
10019087	490914
19350	490914
5139	490914
1002002	490914
6175	490914
1022053	490914
2032	490914
11250	490914
11819	490914
6179	490914
11821	490914
10118368	490914
9206	490914
11601	490914
10010151	490914
10018079	490914
1055062	490914
1040	490914
12118	490914
15050	490914
16033	490914
20444	490914
10011819	490914
99064	490914
19364	490914
19206	490914
2048	490914
9016	490914
93822	490914
9252	490914
16018	490914
11168	490914
1005114	490914
18364	490914
2031	490914
18439	490914
10151	490914
15012	490914
1056	490914
9037	490914
11167	490914
11979	490914
9159	490914
12151	490914
11052	490914
20035	490914
6164	490914
1011026	490914
1002047	490914
93817	490914
9302	490914
\.


--
-- Data for Name: ingredient; Type: TABLE DATA; Schema: public; Owner: -
--

COPY public.ingredient (title, id, substitutes, calories, cost, image) FROM stdin;
sweet potato starch noodles	99031	No substitutes found	3.45	0.89	https://spoonacular.com/cdn/ingredients_500x500/dangmyeon.png
maui onion	11294	No substitutes found	105.92	94.89	https://spoonacular.com/cdn/ingredients_500x500/sweet-onion.png
garlic	11215	No substitutes found	4.47	6.67	https://spoonacular.com/cdn/ingredients_500x500/garlic.png
baby spinach leaves	11457	No substitutes found	0.23	1.18	https://spoonacular.com/cdn/ingredients_500x500/spinach.jpg
carrots	11124	No substitutes found	25.01	10.71	https://spoonacular.com/cdn/ingredients_500x500/sliced-carrot.png
spring onion	11291	No substitutes found	3.84	7.92	https://spoonacular.com/cdn/ingredients_500x500/spring-onions.jpg
fresh mushrooms	11260	No substitutes found	4.4	11.11	https://spoonacular.com/cdn/ingredients_500x500/mushrooms.png
courgette	11477	{"1 cup = 1 cup pattypan squash","1 cup = 1 cup yellow squash"}	33.32	56.19	https://spoonacular.com/cdn/ingredients_500x500/zucchini.jpg
pure olive oil	4053	{"1 tbsp = 1 tbsp peanut oil","1 tbsp = 1 tbsp corn oil","1 tbsp = 1 tbsp canola oil"}	8.84	1.19	https://spoonacular.com/cdn/ingredients_500x500/olive-oil.jpg
sesame seed oil	4058	{"1 tsp = 2 tsp crushed and toasted sesame seeds + 1 tsp peanut oil"}	8.84	2.41	https://spoonacular.com/cdn/ingredients_500x500/sesame-oil.png
soya sauce	16124	{"1 tbsp = 1 tbsp teriyaki Sauce","1 tbsp = 3/4 tsp kosher salt + 1/2 tsp granulated sugar dissolved in 1 tbsp hot water, teriyaki sauce","1/2 cup = 1/4 cup Worcestershire sauce mixed with 1 tbsp water"}	0.6	0.68	https://spoonacular.com/cdn/ingredients_500x500/soy-sauce.jpg
sucrose	19335	No substitutes found	3.87	0.14	https://spoonacular.com/cdn/ingredients_500x500/sugar-in-bowl.png
white salt	2047	No substitutes found	0	0	https://spoonacular.com/cdn/ingredients_500x500/salt.jpg
kale	11233	{"1 cup = 1 cup turnip greens","1 cup = 1 cup spinach","1 cup = 1 cup collard greens","1 cup = 1 cup mustard greens"}	27.93	25.21	https://spoonacular.com/cdn/ingredients_500x500/kale.jpg
canned garbanzo beans	16058	No substitutes found	0.88	0.2	https://spoonacular.com/cdn/ingredients_500x500/chickpeas.png
sweet potatoes	11507	{"1 oz = 1 oz butternut squash","1 oz = 1 oz pumpkin"}	194.36	75.33	https://spoonacular.com/cdn/ingredients_500x500/sweet-potato.png
shallots	11677	{"1 cup = 1 cup chopped leek"}	18	13.83	https://spoonacular.com/cdn/ingredients_500x500/shallots.jpg
fresh basil leaf	2044	No substitutes found	0.09	1.57	https://spoonacular.com/cdn/ingredients_500x500/fresh-basil.jpg
crushed red pepper	1032009	No substitutes found	0.28	0.52	https://spoonacular.com/cdn/ingredients_500x500/red-pepper-flakes.jpg
beer	14003	No substitutes found	0.43	0.54	https://spoonacular.com/cdn/ingredients_500x500/beer.jpg
sultana	9297	No substitutes found	3.02	0.68	https://spoonacular.com/cdn/ingredients_500x500/golden-raisins.jpg
smoked paprika	1012028	No substitutes found	2.82	12.11	https://spoonacular.com/cdn/ingredients_500x500/paprika.jpg
comino	1002014	{"1 tbsp = 1 tbsp chili powder","1 tbsp = 1 tbsp ground coriander"}	3.75	6.61	https://spoonacular.com/cdn/ingredients_500x500/ground-cumin.jpg
butter	1001	{"1 cup = 7/8 cup shortening and 1/2 tsp salt","1 cup = 7/8 cup vegetable oil + 1/2 tsp salt","1/2 cup = 1/4 cup buttermilk + 1/4 cup unsweetened applesauce","1 cup = 1 cup margarine"}	7.17	0.86	https://spoonacular.com/cdn/ingredients_500x500/butter-sliced.jpg
juice of lime	9160	{"1 tsp = 1 tsp white wine","1 tsp = 1 tsp lemon juice","1 tsp = 1 tsp vinegar"}	7.5	25.42	https://spoonacular.com/cdn/ingredients_500x500/lime-juice.png
salt and black pepper	1102047	No substitutes found	0	0	https://spoonacular.com/cdn/ingredients_500x500/salt-and-pepper.jpg
onions	11282	{"1 bunch = 1 bunch green onions","1 cup = 1 cup shallots","1 cup = 1 cup leek"}	44	24.2	https://spoonacular.com/cdn/ingredients_500x500/brown-onion.png
canned tomato	10011693	No substitutes found	0.32	0.21	https://spoonacular.com/cdn/ingredients_500x500/tomatoes-canned.png
bay leaf	2004	No substitutes found	0.31	1.92	https://spoonacular.com/cdn/ingredients_500x500/bay-leaves.jpg
purified water	14412	No substitutes found	0	0	https://spoonacular.com/cdn/ingredients_500x500/water.png
legumes	16069	No substitutes found	3.53	0.29	https://spoonacular.com/cdn/ingredients_500x500/lentils-green.jpg
parsley leaves	11297	No substitutes found	0.36	3.96	https://spoonacular.com/cdn/ingredients_500x500/parsley.jpg
agave syrup	19912	No substitutes found	3.1	0.71	https://spoonacular.com/cdn/ingredients_500x500/agave.png
juice of lemon	9152	{"1 tsp = 1 tsp lime juice","1 tsp = 1 tsp white wine","1 tsp = 1/2 tsp vinegar"}	6.6	20.34	https://spoonacular.com/cdn/ingredients_500x500/lemon-juice.jpg
nutritional yeast flakes	93690	No substitutes found	3.75	3.93	https://spoonacular.com/cdn/ingredients_500x500/nutritional-yeast.png
sesame seed paste	12698	{"1 tbsp = 1 tbsp peanut butter","1 cup = 3/4 cup peanut butter + 1/4 cup untoasted sesame oil"}	5.92	1.18	https://spoonacular.com/cdn/ingredients_500x500/tahini-paste.png
wheat flour	20081	{"1 cup = 1 cup rice flour"}	3.64	0.13	https://spoonacular.com/cdn/ingredients_500x500/flour.png
corn meal	35137	{"1 cup = 7/8 cup plain + 1 1/2 tbsps baking powder + 1/2 tsp salt","1 cup = 1 cup regular milled cornmeal, corn grits, polenta, or maize meal"}	3.84	0.32	https://spoonacular.com/cdn/ingredients_500x500/cornmeal.png
low sodium baking powder	18371	No substitutes found	0.97	0.71	https://spoonacular.com/cdn/ingredients_500x500/white-powder.jpg
chive	11156	{"1 tsp = 1 tsp green onion tops finely chopped"}	0.3	2.93	https://spoonacular.com/cdn/ingredients_500x500/fresh-chives.jpg
full fat cottage cheese	1012	{"1 cup = 1 cup ricotta cheese"}	0.98	0.5	https://spoonacular.com/cdn/ingredients_500x500/cottage-cheese.jpg
eggs	1123	No substitutes found	62.92	24	https://spoonacular.com/cdn/ingredients_500x500/egg.png
oil	4582	No substitutes found	8.84	0.27	https://spoonacular.com/cdn/ingredients_500x500/vegetable-oil.jpg
dairy milk	1077	No substitutes found	0.61	0.14	https://spoonacular.com/cdn/ingredients_500x500/milk.png
seltzer water	14121	No substitutes found	0	0.07	https://spoonacular.com/cdn/ingredients_500x500/sparkling-water.png
apples	9003	{"1 cup = 1 cup quinces","1 cup = 1 cup pears"}	94.64	60.26	https://spoonacular.com/cdn/ingredients_500x500/apple.jpg
golden brown sugar	19334	{"1 cup = 1 cup white sugar + 1/4 cup molasses and decrease the liquid by 1/4 cup"}	3.8	0.32	https://spoonacular.com/cdn/ingredients_500x500/light-brown-sugar.jpg
cinnamon	2010	No substitutes found	8.65	14.25	https://spoonacular.com/cdn/ingredients_500x500/cinnamon.jpg
lemon rind	9156	{"1 tsp = 2 tbsps lemon juice","1 tsp = 1/2 tsp lemon extract"}	2.82	50	https://spoonacular.com/cdn/ingredients_500x500/zest-lemon.jpg
unsalted butter	1145	No substitutes found	7.17	0.86	https://spoonacular.com/cdn/ingredients_500x500/butter-sliced.jpg
cauliflower	11135	{"1 oz = 1 oz broccoli"}	143.75	299	https://spoonacular.com/cdn/ingredients_500x500/cauliflower.jpg
dried italian seasoning	1022027	{"2 tsps = 1 tsp dried oregano + 1/2 tsp dried basil + 1/2 tsp dried thyme"}	2.65	4.82	https://spoonacular.com/cdn/ingredients_500x500/dried-herbs.png
jack cheese	1001025	No substitutes found	3.73	1.11	https://spoonacular.com/cdn/ingredients_500x500/shredded-cheese-white.jpg
black pepper	1002030	No substitutes found	2.51	3	https://spoonacular.com/cdn/ingredients_500x500/pepper.jpg
ginger root	11216	No substitutes found	5.6	3.87	https://spoonacular.com/cdn/ingredients_500x500/ginger.png
green tea bags	13311111	No substitutes found	0	27.29	https://spoonacular.com/cdn/ingredients_500x500/tea-bags.jpg
honey	19296	{"1 cup = 1 cup corn syrup","1 cup = 1 cup light treacle syrup","1 cup = 1 1/4 cup white sugar + 1/3 cup water","1 cup = 1 1/4 cups sugar + 1/4 cup water or apple juice"}	3.04	1.22	https://spoonacular.com/cdn/ingredients_500x500/honey.png
mint leaves	2064	No substitutes found	0.7	2.34	https://spoonacular.com/cdn/ingredients_500x500/mint.jpg
dried basil leaves	2003	No substitutes found	9.32	34.14	https://spoonacular.com/cdn/ingredients_500x500/basil.jpg
rosemary leaf	2036	{"1 tbsp = 1 tbsp oregano","1 tbsp = 1 tbsp summer savory","1 tbsp = 1 tbsp basil"}	0.33	1.25	https://spoonacular.com/cdn/ingredients_500x500/rosemary.jpg
dried thyme	2042	No substitutes found	2.76	15.68	https://spoonacular.com/cdn/ingredients_500x500/thyme.jpg
fennel seed	2018	No substitutes found	3.45	11.64	https://spoonacular.com/cdn/ingredients_500x500/fennel-seeds.jpg
kosher salt	1082047	No substitutes found	0	0	https://spoonacular.com/cdn/ingredients_500x500/salt.jpg
chicken	5006	No substitutes found	1637.78	506.15	https://spoonacular.com/cdn/ingredients_500x500/whole-chicken.jpg
applewood smoked bacon	10123	No substitutes found	91.74	28.29	https://spoonacular.com/cdn/ingredients_500x500/raw-bacon.png
creole mustard	1002046	No substitutes found	0.67	1	https://spoonacular.com/cdn/ingredients_500x500/dijon-mustard.jpg
dehydrated parsley	2029	No substitutes found	2.92	10.43	https://spoonacular.com/cdn/ingredients_500x500/dried-parsley.png
potatoes	11352	No substitutes found	164.01	28.4	https://spoonacular.com/cdn/ingredients_500x500/potatoes-yukon-gold.png
brie cheese	1006	No substitutes found	754.84	306.71	https://spoonacular.com/cdn/ingredients_500x500/brie.jpg
eggplants	11209	{"1 oz = 1 oz zucchini","1 oz = 1 oz portobello mushroom caps","1 oz = 1 oz yellow squash"}	114.5	151.65	https://spoonacular.com/cdn/ingredients_500x500/eggplant.png
summer squash	11641	{"1 cup = 1 cup pattypan squash","1 cup = 1 cup zucchini"}	31.36	86.68	https://spoonacular.com/cdn/ingredients_500x500/yellow-squash.jpg
plum tomatoes	10411529	No substitutes found	11.16	23.28	https://spoonacular.com/cdn/ingredients_500x500/plum-tomatoes.png
thyme leaves	2049	No substitutes found	1.01	5.36	https://spoonacular.com/cdn/ingredients_500x500/thyme.jpg
cherry tomatoes	10311529	No substitutes found	3.06	15.18	https://spoonacular.com/cdn/ingredients_500x500/cherry-tomatoes.png
cilantro	11165	No substitutes found	0.46	6.6	https://spoonacular.com/cdn/ingredients_500x500/cilantro.png
cream	1053	No substitutes found	3.45	0.54	https://spoonacular.com/cdn/ingredients_500x500/fluid-cream.jpg
linguini	10720420	No substitutes found	3.71	0.21	https://spoonacular.com/cdn/ingredients_500x500/spaghetti.jpg
jumbo prawns	15152	No substitutes found	6	11.99	https://spoonacular.com/cdn/ingredients_500x500/shrimp.png
purple plums	9279	No substitutes found	30.36	29.19	https://spoonacular.com/cdn/ingredients_500x500/plum.jpg
yolk	1125	No substitutes found	57.96	24	https://spoonacular.com/cdn/ingredients_500x500/egg-yolk.jpg
walnut	12155	No substitutes found	13.08	4.79	https://spoonacular.com/cdn/ingredients_500x500/walnuts.jpg
semi sweet chocolate chips	10019903	No substitutes found	162.12	19	https://spoonacular.com/cdn/ingredients_500x500/chocolate-chips.jpg
unbleached wheat flour	10020081	No substitutes found	3.61	0.22	https://spoonacular.com/cdn/ingredients_500x500/flour.png
apple sauce	9019	{"1 cup = 1 cup plum puree","1 cup = 1 cup pumpkin puree"}	0.42	0.31	https://spoonacular.com/cdn/ingredients_500x500/applesauce.png
pure vanilla extract	2050	No substitutes found	2.88	7.46	https://spoonacular.com/cdn/ingredients_500x500/vanilla-extract.jpg
chicken breasts	5062	No substitutes found	257.64	200.39	https://spoonacular.com/cdn/ingredients_500x500/chicken-breasts.png
cinnamon sticks	1002010	No substitutes found	8.65	18	https://spoonacular.com/cdn/ingredients_500x500/cinnamon.jpg
seeds	93818	No substitutes found	6	3.36	https://spoonacular.com/cdn/ingredients_500x500/sunflower-seeds.jpg
cloves	1002011	No substitutes found	0.55	4.96	https://spoonacular.com/cdn/ingredients_500x500/cloves.jpg
green chili	31015	No substitutes found	12.15	19.9	https://spoonacular.com/cdn/ingredients_500x500/chili-peppers-green.jpg
garlic puree	10111215	No substitutes found	1.49	2.79	https://spoonacular.com/cdn/ingredients_500x500/garlic-paste.png
ginger paste	93754	No substitutes found	0.67	4.46	https://spoonacular.com/cdn/ingredients_500x500/ginger-garlic-paste.png
saffron threads	2037	{"1/4 tsp = 1/4 tsp turmeric"}	0.16	0.8	https://spoonacular.com/cdn/ingredients_500x500/saffron.jpg
lettece	11252	No substitutes found	75.46	199	404 NOT FOUND
corn grits	8160	No substitutes found	3.71	0.29	https://spoonacular.com/cdn/ingredients_500x500/cornmeal.png
natural yogurt	1001116	{"1 cup = 1 cup mayonnaise","1 cup = 1 cup sour cream","1 cup = 1 cup sour milk","1 cup = 1 cup silken tofu","1 cup = 1 cup buttermilk","1 cup = 1 cup crème fraiche"}	0.61	0.44	https://spoonacular.com/cdn/ingredients_500x500/plain-yogurt.jpg
farfalle pasta	10120420	No substitutes found	3.71	0.32	https://spoonacular.com/cdn/ingredients_500x500/farfalle.png
mozzarella cheese	1026	{"1 oz = 1 oz provolone cheese","1 oz = 1 oz gouda cheese"}	3	1.54	404 NOT FOUND
tomatoes	11529	No substitutes found	22.14	36.08	404 NOT FOUND
sodium bicarbonate	18372	{"1 tsp = 1 tsp potassium bicarbonate and 1/3 tsp salt","1 tsp = 4 tsps baking powder"}	0	0.18	404 NOT FOUND
ripe bananas	9040	No substitutes found	105.02	15.73	404 NOT FOUND
blueberry	9050	{"1 cup = 1 cup huckleberries","1 cup = 1 cup red currants","1 cup = 1 cup raspberries","1 cup = 1 cup strawberries"}	0.74	1.02	404 NOT FOUND
egg white	1124	No substitutes found	15.6	18.21	404 NOT FOUND
plain greek yogurt	1001256	No substitutes found	0.59	0.71	404 NOT FOUND
pastry flour	10020080	No substitutes found	3.4	0.24	404 NOT FOUND
unsweetened coconut milk	12117	{"1 cup = 1 cup whole milk"}	920	244.07	404 NOT FOUND
condensed milk	1095	{"1 (14 oz) can = 3/4 cup white sugar mixed with 1/2 cup water + 1 1/8 cups dry powdered milk"}	3.21	0.54	404 NOT FOUND
guavas	9139	No substitutes found	57.8	462.09	404 NOT FOUND
peanut	16091	No substitutes found	5.7	0.68	404 NOT FOUND
butter nut squash	11485	{"1 oz = 1 oz sweet potato","1 oz = 1 oz pumpkin"}	337.5	165	404 NOT FOUND
bragg's liquid aminos	93767	No substitutes found	0.66	1.11	404 NOT FOUND
curry powder trio	2015	No substitutes found	3.25	5.11	404 NOT FOUND
dried ginger	2021	No substitutes found	36.85	133.18	404 NOT FOUND
sriracha sauce	1016168	No substitutes found	0.11	1.11	404 NOT FOUND
bean curd	16213	No substitutes found	332.64	268.71	404 NOT FOUND
brussel sprouts	11098	{"1 oz = 1 oz broccoli florets","1 oz = 1 oz chopped green cabbage"}	8.17	12.62	404 NOT FOUND
chicken base	6080	No substitutes found	10.68	8.57	404 NOT FOUND
mangos	9176	No substitutes found	124.2	150	404 NOT FOUND
seasoning packet	1032027	No substitutes found	2.65	0	404 NOT FOUND
plant oil	4513	No substitutes found	8.62	0.4	404 NOT FOUND
rub	1012034	No substitutes found	3.07	3.39	404 NOT FOUND
chilli powder	2009	{"1 tsp = 1 tsp chile oil","1 tsp = 2 tsp paprika","1 tsp = 1 tsp cayenne papper"}	0.28	0.43	404 NOT FOUND
ice	10014412	No substitutes found	0	0	404 NOT FOUND
miniature chocolate chips	10019146	No substitutes found	5.02	0.82	404 NOT FOUND
gluten-free chocolate cake mix	99040	No substitutes found	3.61	1.26	404 NOT FOUND
peanut butter	16098	{"1 cup = 1 cup tahini"}	5.88	0.36	404 NOT FOUND
old fashioned oats	8120	No substitutes found	3.79	0.39	404 NOT FOUND
dehydrated milk	1214	{"1 cup = 1 cup light cream"}	1.35	0.24	404 NOT FOUND
marshmallow creme	93644	No substitutes found	3.08	0.82	404 NOT FOUND
vanilla beans	93622	No substitutes found	11.75	509.29	404 NOT FOUND
black tea bags	10111111	No substitutes found	0	27.29	404 NOT FOUND
gelatine	19177	{"1 tbsp = 2 tsps agar agar"}	3.35	7.11	404 NOT FOUND
crème fraiche	1001056	{"1 cup = 1 cup of heavy cream + 1 tbsp of plain yogurt"}	1.93	1.79	404 NOT FOUND
bar-b-que sauce	6150	{"1 cup = 1 cup ketchup + 1/2 to 1 tsp liquid smoke seasoning"}	1.72	0.39	404 NOT FOUND
blackberry	9042	{"1 cup = 1 cup raspberries","1 cup = 1 cup boysenberries","1 cup = 1 cup loganberries"}	0.86	1.77	404 NOT FOUND
brandy	10114037	{"1/4 cup = 1 tsp imitation brandy extract + enough water to make 1/4 cup"}	2.31	3.08	404 NOT FOUND
cardamon	2006	{"1/2 tsp = 1/4 tsp ground cinnamon + 1/4 tsp ground nutmeg or cloves","1 tsp = 1 tsp ground anise"}	6.22	44.43	404 NOT FOUND
cream cheese	1017	{"1 cup = 1 cup pureed cottage cheese","1 cup = 1 cup ricotta cheese","1 cup = 1 cup plain yogurt"}	3.42	1.04	404 NOT FOUND
ground canela	1012010	No substitutes found	8.65	14.25	404 NOT FOUND
pecan nuts	12142	No substitutes found	9.67	4.35	404 NOT FOUND
tart apples	1029003	No substitutes found	94.64	80.48	404 NOT FOUND
almond drink	93607	No substitutes found	0.14	0.2	404 NOT FOUND
chocolate malt	14317	No substitutes found	4.11	1.11	404 NOT FOUND
strawberry	9316	{"1 cup = 1 cup blueberries","1 cup = 1 cup raspberries"}	3.84	10.71	404 NOT FOUND
vanilla icecream	19095	No substitutes found	2.07	0.32	404 NOT FOUND
whipped cream	1054	No substitutes found	2.57	1.36	404 NOT FOUND
capsicum	10211821	{"1 oz = 1 oz chopped jarred pimientos"}	36.89	59.76	404 NOT FOUND
chevre	1159	No substitutes found	2.64	3.36	404 NOT FOUND
pecorino romano cheese	1038	No substitutes found	3.87	2	404 NOT FOUND
celery	11143	No substitutes found	6.4	15.02	404 NOT FOUND
chicken broth	6194	{"1 cup = 1 tsp chicken bouillon granules dissolved in 1 cup boiling water"}	0.05	0.32	404 NOT FOUND
pork chop	10010062	No substitutes found	207.7	148.59	404 NOT FOUND
gluten free white bread	18069	No substitutes found	66.25	8.93	404 NOT FOUND
extra-virgin olive oil	1034053	No substitutes found	8.84	1.19	404 NOT FOUND
ground almonds	93740	No substitutes found	5.65	2	404 NOT FOUND
hershey's cocoa	19165	No substitutes found	2.28	1.61	404 NOT FOUND
milled flaxseed	12220	No substitutes found	5.34	0.68	404 NOT FOUND
garlic powder	1022020	No substitutes found	3.31	3.04	404 NOT FOUND
ground onion	2026	No substitutes found	3.41	4.75	404 NOT FOUND
treacle	19304	{"1 cup = 3/4 cup brown sugar + 1 tsp cream of tartar","1 cup = 3/4 cup light or dark brown sugar heated to dissolve in 1/4 cup liquid","1 cup = 1 cup brown sugar","1 cup = 1 cup dark corn syrup","1 cup = 1 cup honey","1 cup = 1 cup maple syrup"}	2.9	1.14	404 NOT FOUND
sesame seed	12023	{"1 tbsp = 1 tbsp finely chopped blanched almonds"}	5.73	3.86	404 NOT FOUND
sorghum flour	20648	No substitutes found	3.61	0.57	404 NOT FOUND
wonton wraps	10018368	No substitutes found	21.83	6.7	404 NOT FOUND
cornstarch	20027	{"1 tbsp = 2 tbsp all-purpose flour"}	3.81	0.43	404 NOT FOUND
asparagus spears	11011	No substitutes found	3.2	14.19	404 NOT FOUND
cheese	1041009	No substitutes found	4.03	1.07	404 NOT FOUND
bread crumbs	18079	{"1 cup = 1 cup crushed cornflakes","1 cup = 1 cup ground oats","1 cup = 1 cup crushed dry stuffing mix","1 cup = 1 cup matzo meal","1 cup = 1 cup cracker crumbs","1 cup = 1 cup crushed potato chips","1 cup = 1 cup crushed pretzels","1 cup = 1 cup crushed tortilla chips"}	3.95	0.39	404 NOT FOUND
extra sharp cheddar cheese	1021009	No substitutes found	4.03	1.07	404 NOT FOUND
marjoram	2023	{"1 tbsp = 1 tbsp summer savory","1 tbsp = 1 tbsp basil"}	2.71	5.32	404 NOT FOUND
pork mince	10219	No substitutes found	2.63	0.66	404 NOT FOUND
extra lean ground beef	23557	No substitutes found	1.37	1.44	404 NOT FOUND
oregano leaves	2027	{"1 tbsp = 1 tbsp marjoram","1 tbsp = 1 tbsp thyme","1 tbsp = 1 tbsp summer savory","1 tbsp = 1 tbsp fresh basil"}	2.65	5.21	404 NOT FOUND
parmesan cheese	1033	{"1 cup = 1 cup Pecorino Romano cheese","1 cup = 1 cup Asiago cheese"}	3.92	2.11	404 NOT FOUND
sliders buns	93646	No substitutes found	87.5	28.75	404 NOT FOUND
yellow onions	10511282	No substitutes found	44	24.2	404 NOT FOUND
zest of one orange	9216	No substitutes found	11.64	66	404 NOT FOUND
white chocolate morsels	10019087	No substitutes found	5.39	1.04	404 NOT FOUND
corn syrup	19350	{"1 cup = 1 cups sugar + 1/4 cups water","1 cup = 1 cup granulated sugar + 1/4 liquid","1 cup = 1 cup honey","1 cup = 1 cup light corn syrup","1 cup = 1 cup light corn syrup or 3/4 cup light corn syrup + 1/4 cup molasses or 1 cup maple-flavored syrup","1 cup = 3/4 cup light corn syrup + 1/4 cup molasses"}	2.83	0.71	404 NOT FOUND
duck	5139	No substitutes found	3086.56	558.57	404 NOT FOUND
five spice powder	1002002	No substitutes found	3.37	4.64	404 NOT FOUND
hoisin	6175	No substitutes found	2.2	1.32	404 NOT FOUND
rice wine vinegar	1022053	No substitutes found	0.18	0.41	404 NOT FOUND
white pepper	2032	No substitutes found	2.96	11	404 NOT FOUND
butterhead lettuce	11250	No substitutes found	21.19	149	404 NOT FOUND
chilies	11819	No substitutes found	18	39.9	404 NOT FOUND
patis	6179	{"1 tsp = 1 tsp soy sauce","1 tsp = 1 tsp Worcestershire sauce","1 tsp = 1 tsp fermented tofu"}	0.35	1.93	404 NOT FOUND
red bell pepper	11821	No substitutes found	36.89	59.76	404 NOT FOUND
spring roll wrapper	10118368	No substitutes found	55.29	13.02	404 NOT FOUND
juice of orange	9206	No substitutes found	27	12.2	404 NOT FOUND
yams	11601	No substitutes found	495.6	92.4	404 NOT FOUND
ham slices	10010151	No substitutes found	68.04	9.33	404 NOT FOUND
panko breadcrumbs	10018079	No substitutes found	3.95	0.96	404 NOT FOUND
boneless skinless chicken breasts	1055062	No substitutes found	128.82	100.19	404 NOT FOUND
swiss cheese	1040	{"1 oz = 1 oz Provolone cheese","1 oz = 1 oz Gruyere cheese"}	64.6	24.29	404 NOT FOUND
full fat coconut milk	12118	No substitutes found	1.97	0.61	404 NOT FOUND
mackerels	15050	{"1 oz = 1 oz mahi-mahi","1 oz = 1 oz tuna","1 oz = 1 oz pompano","1 oz = 1 oz striped bass"}	711	499	404 NOT FOUND
kidney bean	16033	No substitutes found	1.27	0.18	404 NOT FOUND
rice	20444	No substitutes found	3.65	0.32	404 NOT FOUND
scotch bonnet chile	10011819	No substitutes found	4	11.09	404 NOT FOUND
gluten-free chocolate sandwich cookies	99064	No substitutes found	69.64	32.75	404 NOT FOUND
caramel syrup	19364	No substitutes found	2.52	0.54	404 NOT FOUND
instant vanilla pudding	19206	No substitutes found	3.79	1.32	404 NOT FOUND
cider vinegar	2048	No substitutes found	0.21	0.37	404 NOT FOUND
apple juice	9016	{"1 cup = 1 cup apple cider","1 cup = 1 cup pear cider","1 cup = 1 cup white grape juice"}	0.46	0.14	404 NOT FOUND
dried sweet cherries	93822	No substitutes found	3.18	3.57	404 NOT FOUND
pears	9252	{"1 oz = 1 oz asian pears","1 oz = 1 oz quinces","1 oz = 1 oz apples"}	101.46	58.94	404 NOT FOUND
canned black beans	16018	No substitutes found	0.91	0.18	404 NOT FOUND
maize	11168	No substitutes found	0.96	0.25	404 NOT FOUND
shredded cooked chicken	1005114	No substitutes found	1.67	0.5	404 NOT FOUND
tortillas	18364	No substitutes found	90.3	12.86	404 NOT FOUND
ground red pepper	2031	{"1 tbsp = 1 tbsp chili powder","1 tbsp = 1 tbsp hot paprika","1 tbsp  = 1 tbsp chipotle powder","1 tbsp = 1 tbsp crushed red papper flakes"}	3.18	11.39	404 NOT FOUND
english muffins	18439	No substitutes found	133.95	42.75	404 NOT FOUND
ham	10151	No substitutes found	19440	2666.67	404 NOT FOUND
fish roe	15012	No substitutes found	2.64	13.73	404 NOT FOUND
soured cream	1056	{"1 cup = 1 tbsp lemon juice or vinegar + enough cream to make 1 cup","1 cup = 3/4 cup buttermilk mixed with 1/3 cup butter","1 cup = 1 cup plain yogurt"}	1.93	0.68	404 NOT FOUND
avocado halves	9037	{"1 oz = 1 oz cooked chayote squash"}	321.6	150	404 NOT FOUND
cob sweet corn	11167	No substitutes found	77.4	83	404 NOT FOUND
jalapenos	11979	No substitutes found	4.06	6.19	404 NOT FOUND
limes	9159	No substitutes found	20.1	25	404 NOT FOUND
pistachios	12151	No substitutes found	5.62	1.96	404 NOT FOUND
greenbeans	11052	No substitutes found	1.71	1.83	404 NOT FOUND
quinoa	20035	{"1 cup = 1 cup couscous","1 cup = 1 cup bulgur"}	3.68	0.89	404 NOT FOUND
salsita	6164	No substitutes found	0.29	0.39	404 NOT FOUND
cheese shredded	1011026	No substitutes found	3	1.07	404 NOT FOUND
coarse salt	1002047	No substitutes found	0	0	404 NOT FOUND
mini phyllo shells	93817	No substitutes found	12.15	15.75	404 NOT FOUND
raspberry	9302	{"1 cup = 1 cup strawberries","1 cup = 1 cup blackberries"}	1.04	3	404 NOT FOUND
raspberry jam	10719297	No substitutes found	2.78	1.22	404 NOT FOUND
baker's white chocolate	19087	No substitutes found	5.39	2.68	404 NOT FOUND
cod fillet	15015	No substitutes found	738	1398	404 NOT FOUND
low sodium soy sauce	16424	No substitutes found	0.53	1.02	404 NOT FOUND
sweet chilli sauce	98962	No substitutes found	2.06	0.75	404 NOT FOUND
ginger-garlic paste	10093754	No substitutes found	0.67	1.59	404 NOT FOUND
salted butter	1001001	No substitutes found	7.17	0.86	404 NOT FOUND
sherry wine	10214106	{"1 tbsp = 1 tbsp sake","1 tbsp = 1 tbsp dry white wine + pinch of sugar","1 tbsp = 1 tbsp port"}	615	838.98	404 NOT FOUND
beef broth	6008	{"1 cup = 1 tsp beef bouillon granules dissolved in 1 cup boiling water"}	0.07	0.24	404 NOT FOUND
thin baguette	18033	No substitutes found	677.5	214.29	404 NOT FOUND
gruyere cheese	1023	No substitutes found	4.13	3.57	404 NOT FOUND
dried chile de arbol	11962	No substitutes found	1.62	2.58	404 NOT FOUND
cashew	12087	No substitutes found	8.3	2.68	404 NOT FOUND
coconut	12104	No substitutes found	159.3	9.93	404 NOT FOUND
stevia extract	93628	No substitutes found	0	2.54	404 NOT FOUND
flax eggs	10112220	No substitutes found	53.4	6.79	404 NOT FOUND
pak choi	11116	{"1 cup = 1 cup napa cabbage","1 cup = 1 cup collard greens"}	109.2	240.8	404 NOT FOUND
brown rice	20040	No substitutes found	3.62	0.32	404 NOT FOUND
lime wedges	1029159	No substitutes found	5.4	6.72	404 NOT FOUND
chicken stock	6172	No substitutes found	0.36	0.32	404 NOT FOUND
steamed rice	10220445	No substitutes found	1.3	0.11	404 NOT FOUND
groundnut oil	4042	No substitutes found	8.84	0.78	404 NOT FOUND
\.


--
-- Data for Name: recipe; Type: TABLE DATA; Schema: public; Owner: -
--

COPY public.recipe (title, id, summary, instructions, "sourceURL", image, "pricePerServing", "readyMin", "numServings") FROM stdin;
Chapchae (Korean Stir-Fried Noodles)	637440	If you want to add more <b>dairy free, lacto ovo vegetarian, and vegan</b> recipes to your recipe box, Chapchae (Korean Stir-Fried Noodles) might be a recipe you should try. This recipe makes 4 servings with <b>397 calories</b>, <b>5g of protein</b>, and <b>15g of fat</b> each. For <b>$2.09 per serving</b>, this recipe <b>covers 21%</b> of your daily requirements of vitamins and minerals. It works well as a Korean side dish. If you have mushrooms, , scallions, and a few other ingredients on hand, you can make it. This recipe from Foodista has 40 fans. From preparation to the plate, this recipe takes roughly <b>roughly 45 minutes</b>. Taking all factors into account, this recipe <b>earns a spoonacular score of 91%</b>, which is spectacular. Similar recipes include <a href="https://spoonacular.com/recipes/korean-stir-fried-noodles-chapchae-604806">Korean Stir-Fried Noodles (Chapchae)</a>, <a href="https://spoonacular.com/recipes/korean-stir-fried-sweet-potato-noodles-859111">Korean Stir-Fried Sweet Potato Noodles</a>, and <a href="https://spoonacular.com/recipes/japchae-korean-stir-fried-sweet-potato-noodles-161270">Japchae (Korean Stir-Fried Sweet Potato Noodles)</a>.	Cook noodles according to package directions\nIn a large pan or wok over medium heat, heat olive oil and 1 Tbsp sesame oil\nAdd onion slices and garlic and saut for about 1 min\nAdd rest of vegetables and cook for 4-5 min, until the vegetables are half-cooked and still a bit crispy\nTurn heat to low and add cooked noodles, soy sauce, sugar, and the remaining sesame oil\nMix to combine and cook for another 2 min\nAdd salt or more soy sauce if needed (or if you want it a bit sweeter, add a touch more sugar)\nIf using sesame seeds, add them at finish	https://www.foodista.com/recipe/RSDBG48H/chapchae-korean-stir-fried-noodles	https://spoonacular.com/recipeImages/637440-556x370.jpg	208.57	45	4
Kale & chickpea stew with cumin, smoked paprika and lime	648709	If you have roughly <b>roughly 45 minutes</b> to spend in the kitchen, Kale & chickpea stew with cumin, smoked paprikan and lime might be an amazing <b>gluten free and lacto ovo vegetarian</b> recipe to try. One portion of this dish contains about <b>4g of protein</b>, <b>5g of fat</b>, and a total of <b>162 calories</b>. For <b>69 cents per serving</b>, you get a soup that serves 6. 15 people were glad they tried this recipe. It is brought to you by Foodista. <b>Autumn</b> will be even more special with this recipe. A mixture of 2 a bunch of kale, beer, olive oil, and a handful of other ingredients are all it takes to make this recipe so scrumptious. Overall, this recipe earns a <b>solid spoonacular score of 57%</b>. Similar recipes include <a href="https://spoonacular.com/recipes/mexican-black-bean-salad-with-cumin-lime-and-smoked-paprika-dressing-vegan-628029">Mexican Black Bean Salad with Cumin, Lime and Smoked Paprika dressing {vegan}</a>, <a href="https://spoonacular.com/recipes/one-pot-cumin-smoked-paprika-chicken-with-potatoes-584593">One-Pot Cumin & Smoked Paprika Chicken with Potatoes</a>, and <a href="https://spoonacular.com/recipes/moorish-style-salad-with-cumin-and-smoked-paprika-ensalada-morisca-747">Moorish-Style Salad with Cumin and Smoked Paprika (Ensalada Morisca)</a>.	Warm a few tablespoons of olive oil in a large frying pan over medium heat. Add the shallots, garlic, red pepper and basil and cook till the shallots and garlic start to brown.\nAdd the sweet potatoes and cook till they start to brown and soften. Add the beer. Cook till its thick and syrupy.\nAdd the chickpeas, paprika, cumin, raisins and about 2 cups of water. Bring to a boil and reduce heat and simmer till the sweet potato is nice and soft. You might need to add a cup or two more water as you go along, to keep it a consistency that you like.\nChop the kale into small pieces and add to the stew. Cook until everything is mixed and hot through.\nAdd the butter and lime juice and season with salt and pepper.	https://www.foodista.com/recipe/XQZSJ4W6/kale-chickpea-stew-with-cumin-smoked-paprika-and-lime	https://spoonacular.com/recipeImages/648709-556x370.jpg	68.53	45	6
Tomato and lentil soup	663559	Tomato and lentil soup takes about <b>about 45 minutes</b> from beginning to end. Watching your figure? This gluten free, dairy free, lacto ovo vegetarian, and vegan recipe has <b>358 calories</b>, <b>19g of protein</b>, and <b>8g of fat</b> per serving. This recipe serves 4 and costs $1.26 per serving. 11 person were impressed by this recipe. It works well as an affordable main course for <b>Autumn</b>. A mixture of carrots, bay leaf, parsley, and a handful of other ingredients are all it takes to make this recipe so yummy. It is brought to you by Foodista. Taking all factors into account, this recipe <b>earns a spoonacular score of 97%</b>, which is super. If you like this recipe, you might also like recipes such as <a href="https://spoonacular.com/recipes/lentil-tomato-soup-108370">Lentil & Tomato Soup</a>, <a href="https://spoonacular.com/recipes/lentil-tomato-soup-398380">Lentil-Tomato Soup</a>, and <a href="https://spoonacular.com/recipes/tomato-and-lentil-soup-482854">Tomato and Lentil Soup</a>.	Saut onion and garlic in olive oil for 5 minutes.\nAdd the carrot, saut for another 2 minutes.\nAdd tomatoes, bay leaf and water, stir and bring to the boil.\nStir in lentils, season with salt and cook for 5 minutes.\nBefore serving sprinkle with chopped parsley.	https://www.foodista.com/recipe/5V4PTMT2/tomato-and-lentil-soup	https://spoonacular.com/recipeImages/663559-556x370.jpg	126.27	45	4
Dressed Up Kale Salad	792072	Need a <b>gluten free and vegan side dish</b>? Dressed Up Kale Salad could be a tremendous recipe to try. This recipe makes 4 servings with <b>63 calories</b>, <b>3g of protein</b>, and <b>2g of fat</b> each. For <b>37 cents per serving</b>, this recipe <b>covers 9%</b> of your daily requirements of vitamins and minerals. This recipe is liked by 31 foodies and cooks. If you have agave nectar, tahini, water, and a few other ingredients on hand, you can make it. From preparation to the plate, this recipe takes roughly <b>45 minutes</b>. All things considered, we decided this recipe <b>deserves a spoonacular score of 95%</b>. This score is amazing. Try <a href="https://spoonacular.com/recipes/all-dressed-kale-chips-470434">All-Dressed Kale Chips</a>, <a href="https://spoonacular.com/recipes/spinach-kale-soup-with-tahini-dressed-chickpeas-15325">Spinach & Kale Soup With Tahini Dressed Chickpeas</a>, and <a href="https://spoonacular.com/recipes/warm-bacon-dressed-zucchini-noodles-with-mushrooms-kale-and-a-fried-egg-563781">Warm Bacon Dressed Zucchini Noodles with Mushrooms, Kale and a Fried Egg</a> for similar recipes.	Remove the kale leaves from the stalk and tear into pieces. Rinse well and pat dry.In a large bowl, whisk together the nutritional yeast, tahini, lemon juice, sweetneer and shalot. Add water as necessary to thin to a thick but pourable consistency.Add the kale to the bowl and mix with your hands until everything is well blended. Sprinkle with seeds if desired, and serve.	http://foodandspice.blogspot.com/2016/06/dressed-up-kale-salad.html	https://spoonacular.com/recipeImages/792072-556x370.jpg	36.59	45	4
Focaccia with Tomato, Green Onion and Garlic	643175	Focaccia with Tomato, Green Onion and Garlic might be just the bread you are searching for. This recipe makes 8 servings with <b>317 calories</b>, <b>8g of protein</b>, and <b>8g of fat</b> each. For <b>43 cents per serving</b>, this recipe <b>covers 13%</b> of your daily requirements of vitamins and minerals. Head to the store and pick up warm water, quick-rising yeast, oregano, and a few other things to make it today. Only a few people made this recipe, and 6 would say it hit the spot. This recipe is typical of Mediterranean cuisine. From preparation to the plate, this recipe takes around <b>45 minutes</b>. All things considered, we decided this recipe <b>deserves a spoonacular score of 76%</b>. This score is solid. Similar recipes include <a href="https://spoonacular.com/recipes/red-onion-garlic-focaccia-38558">Red Onion & Garlic Focaccia</a>, <a href="https://spoonacular.com/recipes/red-onion-and-garlic-focaccia-38586">Red Onion And Garlic Focaccia</a>, and <a href="https://spoonacular.com/recipes/garlic-onion-focaccia-389797">Garlic Onion Focaccia</a>.	<ol><li>Note: You can use a standing mixer with a dough hook to mix the dough, but we made our bread the old-fashioned way, kneading it with our hands.</li><li>Combine the yeast with warm water (this is referred to as proofing the yeast) in a small bowl along with the sugar. Gently stir the mixture to dissolve everything. Allow the yeast to stand for about 3 minutes until it gets a bit foamy.</li><li>Add the flour to a large bowl and make a well in the center of it.</li><li>In a small bowl, dissolve the salt in a few tablespoons of water, and add it to the flour along with the yeast mixture. Next add the olive oil to the mixture.</li><li>With your hands and a spatula to scrape down the bowl, mix everything together to form the dough. Punch down and knead the dough, turning it as you go, for at least 10 minutes or until the dough is smooth, soft and pliable. Add a bit of flour to the dough as needed. Form the dough into a round ball.</li><li>Add some olive oil to your hands and smooth it over the dough ball to coat it and leave it in the bowl. Cover the bowl with a thick towel and place the bowl in a warm spot to let the dough rise to double its size (about 45 minutes to an hour).</li><li>Coat a baking sheet (with sides) with olive oil and sprinkle a few tablespoons of cornmeal over the entire pan. Set aside.</li><li>Once the dough has risen, place it on a floured surface and punch it down 3-4 times. Allow it to stand for a few minutes while you get your toppings ready.</li><li>Moving back to the dough, roll and stretch it out into an oblong shape that is about 1/2 an inch thick. Place the dough on the oiled baking sheet, cover it with plastic wrap and let it stand for about 15 minutes.</li><li>Preheat your oven to 400 degrees F. After the dough has rested and youre ready to bake it, poke small wells all around the dough using your finger. Brush the surface of the dough with olive oil.</li><li>Evenly sprinkle on the dried oregano, green onion, tomato and garlic. Sprinkle with coarse salt, then grated Parmesan cheese.</li><li>Bake on the bottom rack for 20 minutes, checking it as it gets close to the end of the baking time.</li></ol>	http://www.foodista.com/recipe/PHNDBHTF/focaccia-with-tomato-green-onion-and-garlic	https://spoonacular.com/recipeImages/643175-556x370.jpg	37.14	45	8
Savory corn and chives muffins	659465	If you have about <b>roughly 45 minutes</b> to spend in the kitchen, Savory corn and chives muffins might be an excellent <b>lacto ovo vegetarian</b> recipe to try. This recipe serves 12 and costs 29 cents per serving. This breakfast has <b>195 calories</b>, <b>7g of protein</b>, and <b>6g of fat</b> per serving. A couple people made this recipe, and 25 would say it hit the spot. This recipe from Foodista requires wheat flour, milk, baking powder, and cottage cheese. All things considered, we decided this recipe <b>deserves a spoonacular score of 32%</b>. This score is rather bad. Similar recipes are <a href="https://spoonacular.com/recipes/savory-corn-muffins-65593">Savory Corn Muffins</a>, <a href="https://spoonacular.com/recipes/sweet-savory-corn-muffins-478483">Sweet & Savory Corn Muffins</a>, and <a href="https://spoonacular.com/recipes/savory-corn-and-pepper-muffins-507463">Savory Corn and Pepper Muffins</a>.	Mix and combine wheat and corn flour with baking powder and salt. Stir in chives.\nMix and combine cottage cheese, eggs, oil and milk. Add to the flour mixture, stir.\nGradually add the mineral water, stir after each addition until a rather thin dough is obtained (thicker than a pancake batter).\nDivide the dough among 12 silicone lined or greased muffin tins.\nBake in the oven at 200C for about 25 minutes or until done (the trick with a toothpick).\nServe warm or cold with yogurt or milk.	https://www.foodista.com/recipe/ZFCFJDY7/savory-corn-and-chives-muffins	https://spoonacular.com/recipeImages/659465-556x370.jpg	28.92	45	12
Cinnamon Sugar Fried Apples	639487	Cinnamon Sugar Fried Apples is a <b>vegetarian</b> hor d'oeuvre. For <b>30 cents per serving</b>, this recipe <b>covers 3%</b> of your daily requirements of vitamins and minerals. One serving contains <b>118 calories</b>, <b>2g of protein</b>, and <b>3g of fat</b>. This recipe is liked by 45 foodies and cooks. A mixture of oil, eggs, butter, and a handful of other ingredients are all it takes to make this recipe so delicious. From preparation to the plate, this recipe takes around <b>1 hour</b>. All things considered, we decided this recipe <b>deserves a spoonacular score of 19%</b>. This score is rather bad. Try <a href="https://spoonacular.com/recipes/roast-apples-with-cinnamon-sugar-219348">Roast apples with cinnamon sugar</a>, <a href="https://spoonacular.com/recipes/low-sugar-slow-cooker-cinnamon-apples-626821">Low Sugar Slow Cooker Cinnamon Apples</a>, and <a href="https://spoonacular.com/recipes/brown-sugar-oatmeal-with-maple-cinnamon-apples-801859">Brown Sugar Oatmeal with Maple Cinnamon Apples</a> for similar recipes.	<ol><li>Mix all ingredients for batter (flour, salt, granulated sugar, milk, lightly beaten eggs, lemon zest, and melted unsalted butter) in a bowl until smooth. Cover with plastic wrap and set aside to rest for 30 minutes.</li><li>While batter is resting core and slice apples 1 cm thick. Set aside. Start heating oil.</li><li>Dip apple slices in batter, then fry until golden on each side. Drain the apples well on double lined paper towels. Then sprinkle the cinnamon sugar (brown sugar and cinnamon combined) on the slices. Serve immediately.</li></ol>	http://www.foodista.com/recipe/TNR4865M/cinnamon-sugar-fried-apples	https://spoonacular.com/recipeImages/639487-556x370.jpg	30.18	60	16
Cauliflower Breadsticks	792587	Cauliflower Breadsticks might be just the hor d'oeuvre you are searching for. For <b>79 cents per serving</b>, this recipe <b>covers 10%</b> of your daily requirements of vitamins and minerals. One serving contains <b>90 calories</b>, <b>6g of protein</b>, and <b>5g of fat</b>. 6 people have made this recipe and would make it again. Head to the store and pick up cauliflower, monterey jack cheese, seasoning, and a few other things to make it today. It is a good option if you're following a <b>gluten free, primal, and vegetarian</b> diet. From preparation to the plate, this recipe takes about <b>45 minutes</b>. All things considered, we decided this recipe <b>deserves a spoonacular score of 60%</b>. This score is solid. Try <a href="https://spoonacular.com/recipes/low-carb-cauliflower-breadsticks-703130">Low Carb Cauliflower Breadsticks</a>, <a href="https://spoonacular.com/recipes/cheesy-cauliflower-breadsticks-559317">Cheesy Cauliflower Breadsticks</a>, and <a href="https://spoonacular.com/recipes/cheesy-garlic-cauliflower-breadsticks-+video-585036">Cheesy Garlic Cauliflower Breadsticks (+Video)</a> for similar recipes.		http://fullbellysisters.blogspot.com/2016/07/natural-baby-food-cauliflower.html	https://spoonacular.com/recipeImages/792587-556x370.png	78.92	45	8
Honey Ginger Lemon Iced Tea	716301	Honey Ginger Lemon Iced Tea might be just the beverage you are searching for. This recipe makes 1 servings with <b>145 calories</b>, <b>0g of protein</b>, and <b>0g of fat</b> each. For <b>$1.18 per serving</b>, this recipe <b>covers 2%</b> of your daily requirements of vitamins and minerals. If you have lemon juice, tea bag, honey, and a few other ingredients on hand, you can make it. 96 people have tried and liked this recipe. It is a good option if you're following a <b>caveman, gluten free, dairy free, and primal</b> diet. From preparation to the plate, this recipe takes roughly <b>45 minutes</b>. All things considered, we decided this recipe <b>deserves a spoonacular score of 20%</b>. This score is not so tremendous. Try <a href="https://spoonacular.com/recipes/a-visit-to-the-charleston-tea-plantation-+-iced-tea-with-honey-lemon-ginger-ice-cubes-495571">A Visit to the Charleston Tea Plantation + Iced Tea with Honey Lemon Ginger Ice Cubes</a>, <a href="https://spoonacular.com/recipes/thai-iced-tea-915566">Thai Iced Tea</a>, and <a href="https://spoonacular.com/recipes/long-island-iced-tea-920710">Long Island Iced Tea</a> for similar recipes.	Boil 1-2 cups of water and brew your tea.Place tea in the fridge to cool.Blend your ginger and run it through a sieve to just get the juice.In a jug of ice, mix the tea, ginger juice, lemon juice and honey. Add the mint leaves and serve cold.  	http://www.afrolems.com/2015/06/24/honey-ginger-lemon-iced-tea/	https://spoonacular.com/recipeImages/716301-556x370.jpg	117.6	45	1
Herb Roasted Chicken	646673	Herb Roasted Chicken might be just the main course you are searching for. This recipe makes 6 servings with <b>425 calories</b>, <b>21g of protein</b>, and <b>32g of fat</b> each. For <b>$1.22 per serving</b>, this recipe <b>covers 11%</b> of your daily requirements of vitamins and minerals. 32 people were impressed by this recipe. It is a good option if you're following a <b>gluten free and fodmap friendly</b> diet. From preparation to the plate, this recipe takes about <b>4 hours</b>. A mixture of basil, brown sugar, coarse pepper, and a handful of other ingredients are all it takes to make this recipe so delicious. To use up the brown sugar you could follow this main course with the <a href="https://spoonacular.com/recipes/brown-sugar-pound-cupcakes-with-brown-butter-glaze-63777">Brown-sugar Pound Cupcakes With Brown-butter Glaze</a> as a dessert. All things considered, we decided this recipe <b>deserves a spoonacular score of 40%</b>. This score is rather bad. Try <a href="https://spoonacular.com/recipes/herb-roasted-whole-chicken-497426">Herb Roasted Whole Chicken</a>, <a href="https://spoonacular.com/recipes/herb-roasted-chicken-136389">Herb Roasted Chicken</a>, and <a href="https://spoonacular.com/recipes/herb-roasted-whole-chicken-612874">Herb Roasted Whole Chicken</a> for similar recipes.	<ol><li>For the brine, combine the water, salt, sugar, half of the dried herbs and bay leaves into a large saucepan.  Bring the mixture to a boil, stirring to dissolve the salt and sugar.  Reduce to heat to low and simmer for 10 min so the flavors of the herbs can be drawn out. Pour the brine into a deep set large bowl and cool it down with your ice water.  Set aside.</li><li>Clean the chicken by rinsing out the cavity and outer skin and place on a clean surface.  Be sure not to contaminate any vegetables or other ingredients, because no one is a fan of salmonella!  Place the chicken in the brine,  make sure it is completely immersed in the brine.  Cover and allow to marinate for at least an hour and up to 6 hours.</li><li>Preheat the oven to 375F.</li><li>Remove the chicken from the brine and place on a clean surface.  Pat the chicken dry with a paper towel as shown.  Separate the skin from the flesh, you can do this by carefully inserting your fingers underneath the skin and gently pull up to create a space or pocket.  Take the butter and rub it underneath the skin and flesh  this will make your chicken moist and tender while accentuating the flavor of the herbs in the meat.  Coat the skin with te remaining herbs and place in a roasting pan, if more herbs are needed just add more.</li><li>Bake the chicken for about 1 hour and 10 minutes, basting the chicken half way through and again during the last 10 minutes.  To test the doneness of your chicken, insert a meat thermometer into the thickest part of the breast, it should read 165F.  If you do not own a thermometer, cut into the chicken and if it releases pink juices it is undercooked.  Your chicken is done when the juices are a clear yellow.</li><li>Transfer the chicken to a carving board and allow it to rest for 10-20 minutes.  This allows the juices to settle into the meat so it does not end up running out all over the board.  To serve, begin carving the legs it is easiest to cut at the joints.  Remove the wings and then the legs and thighs the same way.  To carve each breast, start at the breabone and cut downward and parallel to the rib cage.  Then make a deep horizontal cut right above the thigh and wing joints.  You can choose to serve the breasts whole or cut them into thin slices.</li></ol>	http://www.foodista.com/recipe/HQ8GR7BT/herb-roasted-chicken	https://spoonacular.com/recipeImages/646673-556x370.jpg	122.28	240	6
Charlotte Potato Salad	637458	Charlotte Potato Salad might be just the side dish you are searching for. One serving contains <b>242 calories</b>, <b>6g of protein</b>, and <b>18g of fat</b>. This recipe serves 4 and costs 61 cents per serving. It can be enjoyed any time, but it is especially good for <b>The Fourth Of July</b>. 12 people have made this recipe and would make it again. From preparation to the plate, this recipe takes around <b>30 minutes</b>. It is a good option if you're following a <b>gluten free, dairy free, and whole 30</b> diet. If you have bacon cubes, dijon mustard, spring onions, and a few other ingredients on hand, you can make it. All things considered, we decided this recipe <b>deserves a spoonacular score of 48%</b>. This score is good. Try <a href="https://spoonacular.com/recipes/green-charlotte-salad-227918">Green Charlotte Salad</a>, <a href="https://spoonacular.com/recipes/charlottes-tortellini-salad-397965">Charlotte's Tortellini Salad</a>, and <a href="https://spoonacular.com/recipes/tiramisu-charlotte-149474">Tiramisu Charlotte</a> for similar recipes.	<ol><li>Boil the potatoes in salted water until they are just soft.</li><li>Drain and peel off the skin.</li><li>Whisk together lemon juice, mustard, pepper and salt until blended.</li><li>Then start to slowly beat in the olive oil.</li><li>Add in the spring onions.</li><li>Dry fry the bacon cubes over a low heat for 5 minutes.</li><li>Add the bacon cubes to the dressing.</li><li>Thickly slice the warm potatoes and add to a serving bowl.</li><li>Then pour the dressing over.</li><li>Toss to mix through.</li><li>Sprinkle the parsley over before serving.</li></ol>	http://www.foodista.com/recipe/8MHQWYGF/charlotte-potato-salad	https://spoonacular.com/recipeImages/637458-556x370.jpg	61.12	30	4
Ratatouille With Brie	657939	You can never have too many Mediterranean recipes, so give Ratatouille With Brie a try. This main course has <b>490 calories</b>, <b>14g of protein</b>, and <b>45g of fat</b> per serving. This gluten free, lacto ovo vegetarian, and primal recipe serves 4 and costs <b>$1.97 per serving</b>. If you have brie log such as alouette, plum tomatoes, zucchini, and a few other ingredients on hand, you can make it. This recipe from Foodista has 63 fans. From preparation to the plate, this recipe takes around <b>around 45 minutes</b>. Overall, this recipe earns a <b>pretty good spoonacular score of 72%</b>. If you like this recipe, take a look at these similar recipes: <a href="https://spoonacular.com/recipes/ratatouilles-ratatouille-thomas-kellers-confit-byaldi-498135">Ratatouille’s Ratatouille (Thomas Keller’s Confit Byaldi)</a>, <a href="https://spoonacular.com/recipes/confit-byaldi-aka-ratatouilles-ratatouille-611946">Confit Byaldi (aka Ratatouille’s Ratatouille)</a>, and <a href="https://spoonacular.com/recipes/brie-and-caramelized-shallots-puff-pastry-brie-tart-546740">Brie and caramelized Shallots Puff Pastry Brie Tart</a>.	Remove outer peel from eggplant and dice into  inch pieces\nHeat 1-2 oz. of olive oil in a heavy gauge skillet\nSaut the diced eggplant for 2-3 minutes then place on a towel to drain\nAfter draining place cooked eggplant into a small oval casserole dish\nPreheat oven to 375 F\nCarefully slice the zucchini , yellow squash , and tomatoes about  inch even slices\nSlice the Brie also into  inch slices (utilizing a cheese wire makes simplifies this)\nBegin placing sliced yellow squash , zucchini , sliced Brie and tomatoes in a shingled pattern working from the outside of the casserole towards the center\nWhen all vegetables and cheese are placed in the casserole, drizzle with the remaining olive oil and sprinkle with chopped thyme\nSeason with salt and pepper and bake in the oven for 10-15 minutes until bubbly	https://www.foodista.com/recipe/YKQ5H3TL/ratatouille-with-brie	https://spoonacular.com/recipeImages/657939-556x370.jpg	196.79	45	4
Shrimp pasta with white wine tomato cream sauce	659988	Shrimp pasta with white wine tomato cream sauce is a <b>pescatarian</b> main course. For <b>$3.45 per serving</b>, this recipe <b>covers 22%</b> of your daily requirements of vitamins and minerals. One serving contains <b>530 calories</b>, <b>33g of protein</b>, and <b>9g of fat</b>. A couple people made this recipe, and 10 would say it hit the spot. If you have 5 oz. shrimp, olive oil, garlic, and a few other ingredients on hand, you can make it. To use up the heavy cream you could follow this main course with the <a href="https://spoonacular.com/recipes/homemade-blizzards-with-reeses-peanut-butter-eggs-549987">Homemade Blizzards with Reese’s Peanut Butter Eggs</a> as a dessert. From preparation to the plate, this recipe takes roughly <b>45 minutes</b>. All things considered, we decided this recipe <b>deserves a spoonacular score of 72%</b>. This score is good. Similar recipes include <a href="https://spoonacular.com/recipes/white-wine-pasta-with-tomato-sauce-795405">White Wine Pasta with Tomato Sauce</a>, <a href="https://spoonacular.com/recipes/shrimp-linguine-in-a-tomato-and-white-wine-sauce-247797">Shrimp Linguine in a Tomato and White Wine Sauce</a>, and <a href="https://spoonacular.com/recipes/pasta-with-sausage-mushrooms-and-white-wine-cream-sauce-590820">Pasta with Sausage, Mushrooms and White Wine Cream Sauce</a>.	<ol><li>If you are using frozen shrimp, remove them from the fridge and allow to come to room temperature before using.</li><li>Bring a large pot of water to a boil and cook your pasta according to package directions. 1 or 2 minutes before your pasta is done cooking, ladle about 250ml / 1 cup of the cooking water into a cup.</li><li>In the meantime, heat the olive oil in a large frying pan over medium heat. Add the shallots and garlic, season with salt and pepper, and saut until soft and translucent, about 3 to 5 minutes.</li><li>Add the wine and stir.</li><li>Add the tomatoes and simmer until the wine has evaporated, about 5 minutes.</li><li>Drain the pasta and add it to the sauce, along with the shrimp and cream, and toss to combine. If you find the sauce is too thick, add a splash of the pasta water.</li><li>Add the coriander and serve immediately.</li><li>Find more recipes on my blog http://alalemon.com</li></ol>	http://www.foodista.com/recipe/DCXZ65TN/shrimp-pasta-with-white-wine-tomato-cream-sauce	https://spoonacular.com/recipeImages/659988-556x370.jpg	299.47	45	4
Zabaglione with Roasted Plums	665620	Zabaglione with Roasted Plums might be just the side dish you are searching for. One serving contains <b>220 calories</b>, <b>4g of protein</b>, and <b>5g of fat</b>. This recipe serves 4 and costs $1.17 per serving. Head to the store and pick up plums, sugar, egg yolks, and a few other things to make it today. 7 people were glad they tried this recipe. From preparation to the plate, this recipe takes roughly <b>20 minutes</b>. It is brought to you by Foodista. It is a good option if you're following a <b>gluten free, dairy free, and lacto ovo vegetarian</b> diet. With a spoonacular <b>score of 32%</b>, this dish is not so excellent. Users who liked this recipe also liked <a href="https://spoonacular.com/recipes/roasted-plums-698747">Roasted Plums</a>, <a href="https://spoonacular.com/recipes/honey-roasted-plums-79833">Honey-roasted Plums</a>, and <a href="https://spoonacular.com/recipes/sugar-roasted-plums-139647">Sugar-Roasted Plums</a>.	1.Heat the oven the to 400F. Place the plums on a rimmed cookie sheet (lined with parchment paper for easier cleanup) and sprinkle with 2 tablespoons of the sugar. Roast until the plums are browning and tender but not falling apart, about 15 minutes.\n2.Bring about 2 inches of water to a bare simmer in a saucepan over medium-high heat. Reduce the heat to maintain a bare simmer. Combine the egg yolks, the remaining 4 tablespoons sugar, the plum brandy mixture, and a pinch of salt in a round-bottomed metal mixing bowl; whisk thoroughly.\n3.Set the bowl over the simmering waterthe base of the bowl should not touch the waterand whisk continuously. The egg yolks will begin to froth, lighten, and grow greatly in volume. If you sense that the yolks are at risk of scrambling, quickly remove the bowl from the heat and whisk to cool slightly, then continue. When soft peaks form, after 5 to10 minutes, the zabaglione is done. Transfer to a clean bowl, cover, and refrigerate.\n4.To serve, place 6 plum halves in the bottom of each of 4 glasses. Give the zabaglione a quick whisk and spoon it on top of the plums. Serve immediately.	https://www.foodista.com/recipe/QS5MMQMF/zabaglione-with-roasted-plums	https://spoonacular.com/recipeImages/665620-556x370.jpg	117.28	20	4
10 Minute Brownies	631830	The recipe 10 Minute Brownies is ready <b>in approximately 45 minutes</b> and is definitely an amazing <b>dairy free</b> option for lovers of American food. This recipe makes 16 servings with <b>201 calories</b>, <b>2g of protein</b>, and <b>12g of fat</b> each. For <b>29 cents per serving</b>, this recipe <b>covers 4%</b> of your daily requirements of vitamins and minerals. A mixture of applesauce, finely-chopped walnuts, semisweet chocolate chips, and a handful of other ingredients are all it takes to make this recipe so scrumptious. 64 people have made this recipe and would make it again. It works well as a cheap dessert. All things considered, we decided this recipe <b>deserves a spoonacular score of 23%</b>. This score is not so excellent. Try <a href="https://spoonacular.com/recipes/healthy-two-minute-brownies-703516">healthy two minute brownies</a>, <a href="https://spoonacular.com/recipes/5-minute-espresso-walnut-brownies-500799">5 Minute Espresso Walnut Brownies</a>, and <a href="https://spoonacular.com/recipes/easy-dijon-tarragon-tilapia-5-minute-prep-in-morning-20-minute-bake-at-dinner-504354">Easy Dijon Tarragon Tilapia – 5 minute prep in morning, 20 minute bake at dinner</a> for similar recipes.	<ol><li>Preheat oven to 350 degrees F. Lightly oil a 6 x 9 inch baking pan and set aside.</li><li>In a small saucepan over low heat, combine the oil and chocolate chips, stirring occasionally until melted. Remove from heat and set aside.</li><li>To a large bowl, add the applesauce, sugar and vanilla. Blend well. Stir in the chocolate mixture. Whip and blend well. Add the flour, baking powder and walnuts, and mix just to combine. Spoon the batter into the baking pan. Bake for 25 to 30 minutes or until the top springs back when lightly touched. Be careful not to overbake the brownies or they will be dry. Let cool completely before cutting into squares. Store in a covered, airtight container in the refrigerator.</li></ol>	http://www.foodista.com/recipe/L46P5Y52/10-minute-brownies	https://spoonacular.com/recipeImages/631830-556x370.jpg	29.1	45	16
Saffron Chicken Tikka	658967	Saffron Chicken Tikkan is a main course that serves 3. For <b>$1.44 per serving</b>, this recipe <b>covers 15%</b> of your daily requirements of vitamins and minerals. One serving contains <b>159 calories</b>, <b>25g of protein</b>, and <b>4g of fat</b>. If you have pepper corns, cloves, an of saffron, and a few other ingredients on hand, you can make it. It is a good option if you're following a <b>gluten free</b> diet. 34 people were impressed by this recipe. It is a <b>rather inexpensive</b> recipe for fans of Indian food. From preparation to the plate, this recipe takes around <b>around 45 minutes</b>. It is brought to you by Foodista. Taking all factors into account, this recipe <b>earns a spoonacular score of 59%</b>, which is pretty good. If you like this recipe, you might also like recipes such as <a href="https://spoonacular.com/recipes/saffron-marinated-chicken-skewers-kesari-malai-tikka-198909">Saffron-Marinated Chicken Skewers (Kesari Malai Tikka)</a>, <a href="https://spoonacular.com/recipes/chicken-tikka-how-to-make-chicken-tikka-in-oven-666060">chicken tikka , how to make chicken tikkan in oven</a>, and <a href="https://spoonacular.com/recipes/chicken-tikka-masala-how-to-make-chicken-tikka-masala-665989">chicken tikka masala , how to make chicken tikka masala</a>.	Soak saffron in warm milk for 15 to 20 minutes.\nIn the meantime, dry roast the cinnamon stick, black cardamom seeds, green cardamom seeds, pepper corns and cloves. Pound them to a powder (not very fine).\nIn a mortar and pestle grind the green chillies to a paste. (Using a pinch of coarse salt will help)\nMix all the ingredients together and your marinade is ready.\nEnsure that you pat dry the chicken cubes.\nTransfer the chicken in a bowl\nAdd the marinade to the chicken cubes and mix it well so that all pieces are well coated.\nCover the bowl with a cling film and put it in the refrigerator.\nLeave the chicken to marinate over-night. (I marinated for almost 18 hours and the result was moist and tender chicken tikkas)\nFor Grilling:\nI grilled these tikkas in my non-stick grill pan. Using a non-stick pan helped me keep the amount of oil to minimal.\nSoak the skewers in water for at least half an hour before you intend to serve them.\nNow take the skewers and start skewering the chicken pieces on them. I leave a little space in between the chicken pieces; else they stick together and do not get cooked well. (Perhaps the reason could be pan grilling)\nKeep the skewers ready and then heat the pan (medium hot).\nYou can use an oil spray or pour a little oil using a spoon in a linear fashion across the grill pan.\nPlace the skewers over the oiled pan and grill them on medium low heat.\nIt will take approximately 45 seconds to a minute for one side to get cooked.\nThen turn around and cook the other side the same way.\nServe them hot as a starter or as a main course with Bakarkhani!! Bon apptit!!	https://www.foodista.com/recipe/GV8J2V28/saffron-chicken-tikka	https://spoonacular.com/recipeImages/658967-556x370.jpg	143.98	45	3
Soft Croatian corn bread - proja	660504	The recipe Soft Croatian corn bread - proja could satisfy your Southern craving in about <b>45 minutes</b>. This recipe makes 6 servings with <b>614 calories</b>, <b>17g of protein</b>, and <b>26g of fat</b> each. For <b>95 cents per serving</b>, this recipe <b>covers 18%</b> of your daily requirements of vitamins and minerals. Not a lot of people made this recipe, and 6 would say it hit the spot. A mixture of olive oil, mineral water, eggs, and a handful of other ingredients are all it takes to make this recipe so scrumptious. It is a good option if you're following a <b>vegetarian</b> diet. All things considered, we decided this recipe <b>deserves a spoonacular score of 66%</b>. This score is solid. Try <a href="https://spoonacular.com/recipes/croatian-bread-dumplings-147732">Croatian Bread Dumplings</a>, <a href="https://spoonacular.com/recipes/croatian-walnut-swirl-bread-povitica-858807">Croatian Walnut Swirl Bread (Povitica)</a>, and <a href="https://spoonacular.com/recipes/grandmas-povitisa-po-vuh-teet-zuh-povitica-croatian-nut-bread-455179">Grandma's Povitisa (Po-vuh-teet-zuh) Povitica Croatian Nut Bread</a> for similar recipes.	<ol><li>Mix and combine eggs, salt, corn and wheat flour, instant polenta, baking powder, olive oil, and yogurt</li><li>Gradually add as much mineral water as needed to make a quite thin batter.</li><li>Mix in and combine cottage cheese.</li><li>Pour batter into the baking pan lightly greased with butter and bake in oven at 220C for about 30 minutes or until the proja - corn bread is baked (trick with a toothpick).</li></ol>	http://www.foodista.com/recipe/KNPY8XZG/soft-croatian-corn-bread-proja	https://spoonacular.com/recipeImages/660504-556x370.jpg	94.96	45	6
Farfalle with fresh tomatoes, basil and mozzarella	642585	Farfalle with fresh tomatoes, basil and mozzarella might be just the main course you are searching for. For <b>97 cents per serving</b>, this recipe <b>covers 19%</b> of your daily requirements of vitamins and minerals. This recipe makes 4 servings with <b>557 calories</b>, <b>16g of protein</b>, and <b>15g of fat</b> each. A mixture of butter, tomatoes, olive oil, and a handful of other ingredients are all it takes to make this recipe so tasty. To use up the tomatoes you could follow this main course with the <a href="https://spoonacular.com/recipes/pink-peony-popcorn-balls-129348">Pink Peony Popcorn Balls</a> as a dessert. 7 people have tried and liked this recipe. It is a good option if you're following a <b>vegetarian</b> diet. From preparation to the plate, this recipe takes about <b>15 minutes</b>. All things considered, we decided this recipe <b>deserves a spoonacular score of 72%</b>. This score is good. Try <a href="https://spoonacular.com/recipes/tomatoes-stuffed-with-fresh-mozzarella-and-basil-153809">Tomatoes Stuffed with Fresh Mozzarellan and Basil</a>, <a href="https://spoonacular.com/recipes/orecchiette-with-tomatoes-fresh-mozzarella-and-basil-200966">Orecchiette with Tomatoes, Fresh Mozzarella, and Basil</a>, and <a href="https://spoonacular.com/recipes/risotto-with-fresh-mozzarella-grape-tomatoes-and-basil-215118">Risotto with Fresh Mozzarella, Grape Tomatoes, and Basil</a> for similar recipes.	<ol><li>Boil a large pot of salted water and cook the pasta according to the package directions. When done drain, place back in the cooking pan and add the butter.</li><li>In a large skillet saut the tomatoes with the olive oil, 5 minutes. Remove from the heat and add the basil.</li><li>In a large bowl add the pasta, the tomatoes and mix well. Add the mozzarella and give it a last light folding.</li><li>Serve immediately</li></ol>	http://www.foodista.com/recipe/B6CC3QXM/farfalle-with-fresh-tomatoes-basil-and-mozzarella	https://spoonacular.com/recipeImages/642585-556x370.jpg	97.12	15	4
Blueberry Banana Pancakes	635418	You can never have too many morn meal recipes, so give Blueberry Banana Pancakes a try. This recipe serves 2 and costs $2.29 per serving. Watching your figure? This vegetarian recipe has <b>594 calories</b>, <b>17g of protein</b>, and <b>2g of fat</b> per serving. If you have vanillan extract, banana, pastry flour, and a few other ingredients on hand, you can make it. A couple people made this recipe, and 25 would say it hit the spot. From preparation to the plate, this recipe takes around <b>45 minutes</b>. All things considered, we decided this recipe <b>deserves a spoonacular score of 65%</b>. This score is good. Try <a href="https://spoonacular.com/recipes/blueberry-banana-pancakes-51549">Blueberry-banana Pancakes</a>, <a href="https://spoonacular.com/recipes/blueberry-banana-pancakes-51632">Blueberry-Banana Pancakes</a>, and <a href="https://spoonacular.com/recipes/banana-blueberry-pancakes-534677">Banana Blueberry Pancakes</a> for similar recipes.	<ol><li>Mix greek yogurt, 1/4 cup banana, egg whites & vanilla extract into a small bowl</li><li>In a separate bowl combine flour, baking soda, sugar, & salt</li><li>Combine and whisk till evenly mixed</li><li>Fold in 1/2 cup blueberries</li><li>Place 1/4-cup batter onto non-stick skillet and cook till bubbles start appearing through the top of the pancake and then flip. NOTE: Cook on medium heat and I flattened out my batter with the spatula to cook more evenly.</li><li>About 1-2 minutes on each side</li><li>For the blueberry sauce:</li><li>In a sauce pan, add remaining banana and blueberries and stir until thick, mashing blueberries, about 5-7 minutes. Pour over top of pancakes.</li><li>Note: I used frozen blueberries for sauce and fresh for pancakes.</li><li>Makes  8 pancakes total  serving size 2</li><li>Calorie per serving (4 pancakes total)  231, Fat: .08, Cholesterol: 0, Sodium: 391, Potassium: 304, Carbs: 42, Fiber: 6.6, Sugar: 12, Protein: 14.3</li></ol>	http://www.foodista.com/recipe/QNQXL7YN/blueberry-banana-pancakes	https://spoonacular.com/recipeImages/635418-556x370.jpg	226.97	45	2
Coconut Guava Ice cream	716321	This gluten free and vegetarian recipe serves 4 and costs <b>$1.77 per serving</b>. One serving contains <b>536 calories</b>, <b>12g of protein</b>, and <b>38g of fat</b>. It will be a hit at your <b>Summer</b> event. Head to the store and pick up guava, peanuts, condensed milk, and a few other things to make it today. 19 people have made this recipe and would make it again. From preparation to the plate, this recipe takes around <b>45 minutes</b>. All things considered, we decided this recipe <b>deserves a spoonacular score of 59%</b>. This score is good. Similar recipes include <a href="https://spoonacular.com/recipes/toasted-coconut-cold-brew-banana-ice-cream-910378">Toasted Coconut Cold Brew Bananan Ice Cream</a>, <a href="https://spoonacular.com/recipes/guava-coconut-rum-cocktail-391830">Guava Coconut Rum Cocktail</a>, and <a href="https://spoonacular.com/recipes/coconut-guava-martini-554981">Coconut Guava Martini</a>.	<p>Place the can of coconut milk in the freezer and allow to solidify. (This could take 4-6 hours depending on the temperature of your freezer)Take out the can of coconut milk and open it completely. The milk and coconut water would have separated and the coconut water part would be clearer than the milk. With a very sharp knife, cut through the frozen coconut milk to separate the milk from the coconut water. Place the frozen coconut milk part in the blender. Pour in your condensed milk and chopped de-seeded guava.and blend for about 3-5 minutes at intervals.Pour in a bowl, pour in your blue berries, stir in and pop it in the freezer.Allow your coconut ice cream to freeze for about 3-6 hours and serve garnished with the crushed peanuts.</p>	http://www.afrolems.com/2015/08/03/coconut-guava-ice-cream/	https://spoonacular.com/recipeImages/716321-556x370.jpg	234.77	45	4
Curried Butternut Squash and Apple Soup	641057	If you want to add more <b>gluten free, dairy free, lacto ovo vegetarian, and vegan</b> recipes to your recipe box, Curried Butternut Squash and Apple Soup might be a recipe you should try. This recipe serves 1 and costs $1.42 per serving. One portion of this dish contains about <b>9g of protein</b>, <b>3g of fat</b>, and a total of <b>139 calories</b>. It is brought to you by Foodista. 9 people found this recipe to be yummy and satisfying. It works well as a reasonably priced soup. From preparation to the plate, this recipe takes approximately <b>approximately 45 minutes</b>. If you have cauliflower, curry powder, braggs liquid aminos, and a few other ingredients on hand, you can make it. <b>Autumn</b> will be even more special with this recipe. All things considered, we decided this recipe <b>deserves a spoonacular score of 89%</b>. This score is super. Similar recipes are <a href="https://spoonacular.com/recipes/curried-butternut-squash-and-apple-soup-836936">Curried Butternut Squash and Apple Soup</a>, <a href="https://spoonacular.com/recipes/curried-apple-+-butternut-squash-soup-620121">Curried Apple + Butternut Squash Soup</a>, and <a href="https://spoonacular.com/recipes/curried-butternut-squash-apple-soup-crock-pot-94742">Curried Butternut Squash & Apple Soup - Crock Pot</a>.	Get ready two small saucepans.\nIn one have together 1/2 of the squash and 1/2 of the apple  bring to a simmer, and simmer until just tender when pierced with a fork.\nIn the other, add in the rest of the vegetables along with 1 cup of water  bring this to a rolling boil, reduce to a simmer, and simmer until very very tender. When very tender, remove the vegetables from the heat, and blend these vegetables together (without draining) with the Braggs, spices, sriracha and the additional 1/2 cup water.\nMix the blended part of the soup with the simmered squash and apples. Mix in the cubed tofu, gently re-heat and serve.	https://www.foodista.com/recipe/FKQCYKYR/curried-butternut-squash-and-apple-soup	https://spoonacular.com/recipeImages/641057-556x370.jpg	141.84	45	1
Honey Dijon Roasted Brussels Sprout	647210	Honey Dijon Roasted Brussels Sprout might be just the side dish you are searching for. This recipe makes 4 servings with <b>115 calories</b>, <b>2g of protein</b>, and <b>7g of fat</b> each. For <b>54 cents per serving</b>, this recipe <b>covers 8%</b> of your daily requirements of vitamins and minerals. A mixture of brussels sprouts, dijon mustard, olive oil, and a handful of other ingredients are all it takes to make this recipe so scrumptious. 13 people were impressed by this recipe. It is a good option if you're following a <b>caveman, gluten free, dairy free, and primal</b> diet. From preparation to the plate, this recipe takes approximately <b>45 minutes</b>. All things considered, we decided this recipe <b>deserves a spoonacular score of 69%</b>. This score is good. Similar recipes include <a href="https://spoonacular.com/recipes/shaved-brussels-sprout-salad-with-raisins-maple-dijon-vinaigrette-623434">Shaved Brussels Sprout Salad with Raisins & Maple Dijon Vinaigrette</a>, <a href="https://spoonacular.com/recipes/brussels-sprout-with-mustard-and-honey-636361">Brussels Sprout With Mustard And Honey</a>, and <a href="https://spoonacular.com/recipes/honey-mustard-brussels-sprout-slaw-580747">Honey Mustard Brussels Sprout Slaw</a>.	<ol><li>Preheat oven to 400</li><li>whisk together olive oil, mustard and honey until well combined.</li><li>In a large bowl, toss brussels sprouts in honey mustard mixture.</li><li>Spread brussels sprouts evenly on a cast iron skillet or roasting pan. Salt and pepper to taste.</li><li>Bake on top rack for 20 minutes. Remove from oven and toss so the brussels sprouts cook evenly. Place back in the oven and roast for an additional 10 minutes.</li><li>The outside leaves should be slightly charred and the inside should be tender.</li></ol>	http://www.foodista.com/recipe/R7YYMQF4/honey-dijon-roasted-brussels-sprout	https://spoonacular.com/recipeImages/647210-556x370.jpg	54.19	45	4
Chicken and Mango Skewer	716330	Chicken and Mango Skewer might be just the main course you are searching for. This gluten free, dairy free, and whole 30 recipe serves 1 and costs <b>$3.67 per serving</b>. One serving contains <b>420 calories</b>, <b>30g of protein</b>, and <b>7g of fat</b>. A couple people made this recipe, and 19 would say it hit the spot. A mixture of chicken breast, chicken stock cube, mangos, and a handful of other ingredients are all it takes to make this recipe so tasty. To use up the vegetable cooking oil you could follow this main course with the <a href="https://spoonacular.com/recipes/banana-bread-no7-523115">Banana Bread no.7</a> as a dessert. From preparation to the plate, this recipe takes about <b>45 minutes</b>. All things considered, we decided this recipe <b>deserves a spoonacular score of 95%</b>. This score is outstanding. Try <a href="https://spoonacular.com/recipes/grilled-chicken-caesar-on-a-skewer-338979">Grilled Chicken Caesar on a Skewer</a>, <a href="https://spoonacular.com/recipes/thai-chicken-skewer-appetizers-with-sweet-and-spicy-chili-sauce-621582">Thai Chicken Skewer Appetizers with Sweet and Spicy Chili Sauce</a>, and <a href="https://spoonacular.com/recipes/caprese-skewer-301739">Caprese Skewer</a> for similar recipes.	<p>Chop chicken breast into cubes and place on sticks. Set fire to your grill or oven.</p><p>Place the chicken breast on the grill to heat up a little</p><p>Mix all your seasoning in a bowl with your vegetable oil.</p><p>With a brush, smear the mix on the chicken breast on both sides.</p><p>Flip occasionally as it browns till its cooked. </p><p>Stack your mangoes after the chicken is done but if your mangoes are firm, you can grill them as well. </p><p>Serve on its own as an appetizer or with rice.</p>	http://www.afrolems.com/2013/03/29/easter-special-chicken-and-mango-skewer/	https://spoonacular.com/recipeImages/716330-556x370.jpg	366.65	45	1
Chicken Suya	716342	Chicken Suya might be just the main course you are searching for. This recipe serves 1 and costs $3.22 per serving. Watching your figure? This gluten free, dairy free, and whole 30 recipe has <b>1070 calories</b>, <b>87g of protein</b>, and <b>71g of fat</b> per serving. If you have chicken, salt, cooking spoon groundnut oil, and a few other ingredients on hand, you can make it. To use up the onions you could follow this main course with the <a href="https://spoonacular.com/recipes/candy-corn-cupcakes-63881">Candy Corn Cupcakes</a> as a dessert. This recipe from Afrolems has 56 fans. From preparation to the plate, this recipe takes approximately <b>45 minutes</b>. All things considered, we decided this recipe <b>deserves a spoonacular score of 94%</b>. This score is tremendous. Try <a href="https://spoonacular.com/recipes/suya-nigerian-chicken-skewers-113497">Suya (Nigerian Chicken Skewers)</a>, <a href="https://spoonacular.com/recipes/suya-swordfish-6571">Suya Swordfish</a>, and <a href="https://spoonacular.com/recipes/i-aint-chicken-chicken-crispy-roasted-chicken-breasts-with-orange-and-cardamom-310658">I Ain't Chicken Chicken: Crispy Roasted Chicken Breasts with Orange and Cardamom</a> for similar recipes.	Heat the oven to 500 F.Wash and season the chicken with the Suya spice, chilli powder, seasoning cubes, salt and drizzle the oil over it.Place the chicken in the oven and grill for 40 minutes. Check the chicken occasionally and flip on both sides so it can cook properly.Serve hot garnished with the onions and tomato and a bit of suya spice sprinkled over the chicken.	http://www.afrolems.com/2014/05/27/chicken-suya/	https://spoonacular.com/recipeImages/716342-556x370.jpg	186.02	45	1
Chocolate Fudge Cookies	639031	Chocolate Fudge Cookies might be just the dessert you are searching for. For <b>34 cents per serving</b>, this recipe <b>covers 2%</b> of your daily requirements of vitamins and minerals. This recipe makes 24 servings with <b>166 calories</b>, <b>2g of protein</b>, and <b>9g of fat</b> each. 11 person have tried and liked this recipe. If you have vanilla, canolan oil, egg, and a few other ingredients on hand, you can make it. From preparation to the plate, this recipe takes around <b>20 minutes</b>. All things considered, we decided this recipe <b>deserves a spoonacular score of 16%</b>. This score is rather bad. Try <a href="https://spoonacular.com/recipes/chocolate-fudge-cookies-605271">Chocolate Fudge Cookies</a>, <a href="https://spoonacular.com/recipes/day-6-chocolate-fudge-cherry-cookies-560170">Day 6: Chocolate Fudge Cherry Cookies</a>, and <a href="https://spoonacular.com/recipes/chocolate-fudge-zucchini-cookies-548200">Chocolate Fudge Zucchini Cookies</a> for similar recipes.	<ol><li>Preheat oven 350 degrees.</li><li>Using a stand mixer or food processor, combine all of the ingredients and mix until combined.</li><li>Spoon the dough onto prepared cookies sheets and press down gently with the back of a spoon.</li><li>Bake for 6-8 minutes.</li><li>Transfer to a wire rack and let cool.  Enjoy!</li></ol>	http://www.foodista.com/recipe/GZJMLM5F/chocolate-fudge-cookies	https://spoonacular.com/recipeImages/639031-556x370.jpg	34.48	20	24
Flawless Chocolate Fudge	643129	Flawless Chocolate Fudge might be just the dessert you are searching for. This gluten free recipe serves 16 and costs <b>33 cents per serving</b>. One serving contains <b>291 calories</b>, <b>2g of protein</b>, and <b>10g of fat</b>. 9 people have made this recipe and would make it again. Head to the store and pick up sugar, evaporated milk, kosher salt, and a few other things to make it today. From preparation to the plate, this recipe takes approximately <b>1 hour</b>. All things considered, we decided this recipe <b>deserves a spoonacular score of 15%</b>. This score is rather bad. Try <a href="https://spoonacular.com/recipes/bakers-fabulously-flawless-fudge-142413">Baker's Fabulously Flawless Fudge</a>, <a href="https://spoonacular.com/recipes/chocolate-fudge-cupcakes-filled-with-chocolate-fudge-cookie-bar-and-marshmallow-meringue-frosting-373158">Chocolate Fudge Cupcakes filled with Chocolate Fudge Cookie Bar and Marshmallow Meringue Frosting</a>, and <a href="https://spoonacular.com/recipes/chocolate-fudge-cake-recipe-mega-chocolate-fudge-cake-60909">Chocolate Fudge Cake Recipe (mega Chocolate Fudge Cake)</a> for similar recipes.	<ol><li>Combine first five ingredients, stirring over low heat until blended.</li><li>Bring to a boil over moderate heat being careful not to mistake air bubbles for boiling. (VERY IMPORTANT)</li><li>Boil slowly, stirring constantly for a full 5 minutes. (Also very important!).</li><li>Remove from heat and stir in vanilla and chocolate until chocolate is melted. Stir in nuts if needed.</li><li>Turn into a 9 x 9 inch pan that has been sprayed with butter flavored cooking spray and cool completely.</li></ol>	http://www.foodista.com/recipe/38ND6CKS/flawless-chocolate-fudge	https://spoonacular.com/recipeImages/643129-556x370.jpg	33.3	60	16
Ginger-Lemon Panna Cotta with Brandied Berry Sauce	644666	The recipe Ginger-Lemon Panna Cotta with Brandied Berry Sauce could satisfy your Mediterranean craving in about <b>approximately 45 minutes</b>. One portion of this dish contains around <b>5g of protein</b>, <b>26g of fat</b>, and a total of <b>413 calories</b>. For <b>$2.88 per serving</b>, this recipe <b>covers 9%</b> of your daily requirements of vitamins and minerals. This recipe serves 6. 9 people found this recipe to be delicious and satisfying. This recipe from Foodista requires blueberries, vegetable oil, granulated sugar, and lemon juice. It is a good option if you're following a <b>gluten free</b> diet. All things considered, we decided this recipe <b>deserves a spoonacular score of 27%</b>. This score is rather bad. Try <a href="https://spoonacular.com/recipes/lemon-ginger-panna-cotta-cheesecake-+-blueberry-sauce-607508">lemon ginger panna cotta cheesecake + blueberry sauce</a>, <a href="https://spoonacular.com/recipes/lemon-panna-cotta-with-berry-compote-231584">Lemon Panna Cotta with Berry Compote</a>, and <a href="https://spoonacular.com/recipes/panna-cotta-with-berry-sauce-605337">Panna Cotta with Berry Sauce</a> for similar recipes.	In a small sauce pan, heat cream, milk and vanilla bean including seeds to a simmer, do not boil.\nAdd 2 ginger tea bags. Remove from heat, cover and steep for 20-30 minutes to infuse with flavor.  Remove vanilla bean and tea bags.\nIn a small bowl, add lemon juice and warm water. Sprinkle in powdered gelatin (two envelopes) allow to set, takes about 7-10 minutes.\nReturn sauce pan to low heat and whisk in sugar and gelatin until dissolved thoroughly, 2-3 minutes.\nTurn off heat and whisk in grated lemon zest and crme frache.\nPour mixture through sieve into 4 cup measuring cup (this makes it easy to pour into the oiled individual bowls.)\nPour into individual bowls (I placed the on a large rimmed baking sheet and covered) chill for at least 5 hours or overnight before serving\nRun thin sharp knife around edge of bowls, Set each bowl (one at a time) in hot water half-way up sides for 45 seconds to release, invert on to serving plate with a drizzle of the Brandied Berry Sauce and fresh berries, sprinkled with reserved shredded lemon zest.\nSauce Directions\nPlace 1 cup each of blackberries and blueberries in food process or blender with brown sugar and brandy.  Blend to puree. In a small sauce pan, mix puree and spices and heat to low boil, turn down heat to low and simmer 15 minutes or until reduced by .  Remove from heat and press mixture through a fine sieve, removing all seeds. Cool before serving. Can be made a day ahead and chilled. Sprinkle with reserved berries when plating.\nCooks Tips\nYou can used frozen berries, thaw thoroughly and reserve juices to incorporate into sauce.	https://www.foodista.com/recipe/FZ6BNS2C/ginger-lemon-panna-cotta-with-brandied-berry-sauce	404 NOT FOUND	288.38	45	6
Caramel Apple-Brownie Cheesecake	636989	For <b>$1.42 per serving</b>, this recipe <b>covers 11%</b> of your daily requirements of vitamins and minerals. One serving contains <b>498 calories</b>, <b>8g of protein</b>, and <b>30g of fat</b>. From preparation to the plate, this recipe takes around <b>45 minutes</b>. If you have pecans, vanillan extract, firmly brown sugar, and a few other ingredients on hand, you can make it. A few people made this recipe, and 13 would say it hit the spot. It is a good option if you're following a <b>vegetarian</b> diet. All things considered, we decided this recipe <b>deserves a spoonacular score of 36%</b>. This score is rather bad. Try <a href="https://spoonacular.com/recipes/caramel-apple-brownie-cheesecake-209341">Caramel Apple-Brownie Cheesecake</a>, <a href="https://spoonacular.com/recipes/caramel-brownie-cheesecake-530384">Caramel Brownie Cheesecake</a>, and <a href="https://spoonacular.com/recipes/brownie-caramel-cheesecake-131326">Brownie Caramel Cheesecake</a> for similar recipes.	<ol><li>Preheat oven to 350F (180 C).  Bake pecans in a single layer in a shallow pan for about 7-8 minutes or until lightly toasted and fragrant, stirring halfway through.Remove from oven, let cool down, and chop.  Reserve.</li><li>Reduce oven temperature to 325F (about 160 C). Grease and flour a 9-inch (22.5 cm) springform pan. Sprinkle pecans over bottom of the prepared pan and reserve.</li><li>In a heavy-duty electric stand mixer, beat cream cheese, granulated sugar, and vanilla at medium speed until well-blended and smooth.  Add 3 eggs (1 at a time), beating after  each addition until just blended.  Reserve.</li><li>In a separate large bowl, whisk together brown sugar, melted butter, and remaining egg until blended.  Then stir in the flour, cinnamon, baking powder, and salt.  Add the peeled and diced apples to the mixture and stir gently.  Spoon batter into prepared pan.  Carefully spoon cream cheese mixture over batter.</li><li>Bake at 325F ( about 160 C) for 70 minutes or until set.  Remove from oven, and gently run a knife around outer edge of cheesecake to loosen from sides of pan but do NOT remove sides of pan.  Cool completely in pan on a wire rack  for about 2 hours.  Remove side of the pan and transfer to a serving plate.</li><li>Meanwhile, prepare Caramel Apple Topping and Caramel Sauce.  Spoon topping over cheesecake; drizzle with 1/2 cup Caramel Sauce.  Reserve 1 cup Caramel Sauce to drizzle over the cheesecake later if you have not served the whole dessert at once.</li><li>For the Caramel Apple Topping: In a large skillet over medium heat, melt the butter; then, add both the sugar and lemon juice.  Cook, stirring constantly with a long-handled wooden spoon, for 5 to 6 minutes or until mixture turns a light golden brown.  Add the apple wedges and cook, stirring often, for 15 to 18 additional minutes or until apples are tender and caramelized.  Remove from heat and let cool for 20 minutes.</li><li>Meanwhile, prepare Caramel Apple Topping and Caramel Sauce.  Spoon topping over cheesecake; drizzle with 1/2 cup Caramel Sauce.  Reserve 1 cup Caramel Sauce to drizzle over the cheesecake later if you have not served the whole dessert at once.</li><li>For the Caramel Sauce: In a medium saucepan over medium-high heat, bring the brown sugar, butter, whipping cream, and honey to a boil, stirring constantly; then, boil  stirring constantly for 2 minutes.  Remove from heat, stir in the vanilla, and cool 15 minutes before serving.</li></ol>	http://www.foodista.com/recipe/GL53TRMC/caramel-apple-brownie-cheesecake	https://spoonacular.com/recipeImages/636989-556x370.jpg	142.16	45	8
Banana Milo Milkshake	716351	You can never have too many beverage recipes, so give Banana Milo Milkshake a try. For <b>$1.41 per serving</b>, this recipe <b>covers 12%</b> of your daily requirements of vitamins and minerals. This recipe makes 1 servings with <b>268 calories</b>, <b>4g of protein</b>, and <b>9g of fat</b> each. 139 people have made this recipe and would make it again. A mixture of handful of strawberries, banana, whipped cream, and a handful of other ingredients are all it takes to make this recipe so tasty. From preparation to the plate, this recipe takes around <b>45 minutes</b>. All things considered, we decided this recipe <b>deserves a spoonacular score of 70%</b>. This score is solid. Try <a href="https://spoonacular.com/recipes/galletas-de-milo-milo-cookies-226942">Galletas de Milo (Milo Cookies)</a>, <a href="https://spoonacular.com/recipes/strawberry-banana-milkshake-milkshake-without-ice-cream-600499">Strawberry Banana Milkshake | Milkshake without ice cream</a>, and <a href="https://spoonacular.com/recipes/banana-milkshake-how-to-make-banana-milkshake-486735">banana milkshake , how to make banana milkshake</a> for similar recipes.	<p>In a blender, pour in your milk, milo, banana and ice-cream and blend till smooth.Pour into a glass, spray the whipped cream on top and sprinkle the chopped strawberries on top.Serve cool.    For those that asked, here is a link on how to make whipped cream.</p>	http://www.afrolems.com/2015/02/10/banana-milo-milkshake/	https://spoonacular.com/recipeImages/716351-556x370.jpg	143.8	45	1
Grilled Eggplant and Heirloom Tomato Stacks With Basil and Tomato Coulis	645696	You can never have too many side dish recipes, so give Grilled Eggplant and Heirloom Tomato Stacks With Basil and Tomato Coulis a try. For <b>$2.05 per serving</b>, this recipe <b>covers 9%</b> of your daily requirements of vitamins and minerals. This recipe makes 5 servings with <b>206 calories</b>, <b>11g of protein</b>, and <b>17g of fat</b> each. This recipe from Foodista has 7 fans. It can be enjoyed any time, but it is especially good for <b>The Fourth Of July</b>. It is a good option if you're following a <b>gluten free, primal, vegetarian, and ketogenic</b> diet. From preparation to the plate, this recipe takes roughly <b>45 minutes</b>. A mixture of olive oil, pecorino romano cheese, plum tomatoes, and a handful of other ingredients are all it takes to make this recipe so delicious. All things considered, we decided this recipe <b>deserves a spoonacular score of 49%</b>. This score is solid. Try <a href="https://spoonacular.com/recipes/grilled-eggplant-tomato-stacks-695540">Grilled Eggplant & Tomato Stacks</a>, <a href="https://spoonacular.com/recipes/grilled-eggplant-tomato-and-feta-stacks-378085">Grilled Eggplant, Tomato and Feta Stacks</a>, and <a href="https://spoonacular.com/recipes/grilled-eggplant-stacks-with-tomato-and-feta-24025">Grilled Eggplant Stacks With Tomato And Feta</a> for similar recipes.	<ol><li>Prepare Tomato Coulis:</li><li>Make shallow incisions with a paring knife around the tomato stems and scoop out the stems.</li><li>Make a shallow X-incision in bottom of tomatoes.</li><li>Bring a large saucepan of water to a rolling boil.</li><li>Plunge tomatoes into water for 10 seconds.</li><li>Remove and submerge tomatoes in bowl of ice water.</li><li>Remove the cooled tomatoes from the water.</li><li>Peel away skin.</li><li>Remove seeds and coarsely chop tomatoes.</li><li>Combine tomatoes, garlic and olive oil in bowl of food processor.</li><li>Process until smooth.</li><li>Add salt and pepper.</li><li>Let Tomato Coulis stand at room temperature for one hour before serving.</li><li>Prepare Eggplant:</li><li>Preheat oven broiler or prepare grill.</li><li>Lightly brush eggplant slices on both sides with olive oil.</li><li>Sprinkle with salt and pepper.</li><li>Arrange on baking tray and grill in oven, turning once, until golden brown, about 3 minutes per side.</li><li>Or grill on barbecue, turning, until golden brown and cooked through.</li><li>Arrange Stacks:</li><li>Combine garlic and goat cheese in a small bowl.</li><li>Add salt and freshly ground black pepper to taste.</li><li>Arrange 1/2 of the eggplant slices on platter.</li><li>Spoon 2 teaspoons goat cheese over.</li><li>Top with 1 basil leaf.</li><li>Place second eggplant slice on basil leaf.</li><li>Top with one teaspoon goat cheese and basil leaf.</li><li>Lightly drizzle 2-3 teaspoons Tomato Coulis over and around the eggplant stack.</li><li>Garnish with one teaspoon grated Pecorino Romano cheese.</li><li>Serve immediately.</li></ol>	http://www.foodista.com/recipe/WXQZBFHK/grilled-eggplant-and-heirloom-tomato-stacks-with-basil-and-tomato-coulis	https://spoonacular.com/recipeImages/645696-556x370.jpg	287.87	45	5
Easy Pork Chops on Stuffing	642113	Easy Pork Chops on Stuffing might be just the main course you are searching for. For <b>$1.92 per serving</b>, this recipe <b>covers 22%</b> of your daily requirements of vitamins and minerals. One serving contains <b>355 calories</b>, <b>32g of protein</b>, and <b>16g of fat</b>. Head to the store and pick up pepper, bread, parsley, and a few other things to make it today. To use up the salt you could follow this main course with the <a href="https://spoonacular.com/recipes/apple-turnovers-recipe-48175">Apple Turnovers Recipe</a> as a dessert. From preparation to the plate, this recipe takes about <b>45 minutes</b>. A couple people made this recipe, and 36 would say it hit the spot. <b>Thanksgiving</b> will be even more special with this recipe. All things considered, we decided this recipe <b>deserves a spoonacular score of 78%</b>. This score is solid. Try <a href="https://spoonacular.com/recipes/bbq-pork-chops-stuffing-277409">BBQ Pork Chops & Stuffing</a>, <a href="https://spoonacular.com/recipes/pork-chops-with-stuffing-408660">Pork Chops with Stuffing</a>, and <a href="https://spoonacular.com/recipes/quicker-pork-chops-over-stuffing-366913">Quicker Pork Chops Over Stuffing</a> for similar recipes.	<ol><li>Early in the day (or the night before) cut the bread into  inch cubes and leave out to air dry. Place in a large mixing bowl.</li><li>Heat 2 tablespoons of the butter over medium heat in a saute pan and saute the celery till almost tender. Add the onions and continue to cook over medium heat until translucent. Remove from the heat and add half of the chicken broth to the mixture.</li><li>Add the chopped parsley to the bread cubes and toss to distribute evenly. Pour the celery/onion mixture over all and gently toss, adding additional broth to moisten the bread. Use caution to not break up the bread cubes. The cubes should be almost moistened through, but not soaking wet.</li><li>Butter a shallow baking dish with half of the remaining butter and place the stuffing in the middle. Dot the top of the stuffing with any remaining butter. Cover with aluminum foil and bake for 20 minutes in a preheated 350 degree oven.</li><li>In the meantime, pat the chops dry with a paper towel and season on both sides with salt and pepper. With a sharp knife, cut 2-3 slices through the fat edge on each chop to prevent curling while chops are cooking.  Preheat a non-stick saut pan over medium high heat and quickly sear on each side until lightly browned. The chops will still be nearly raw in the center.</li><li>Remove the foil from the precooked stuffing and place the chops in a single layer over the stuffing. Return to the oven and roast for aprox 15-25 minutes, uncovered (depending on the thickness of your chops).  The chops should be cooked until the no longer dark pink inside, but still moist and juicy, but not overcooked. Remove from the oven and serve.</li></ol>	http://www.foodista.com/recipe/JFQTBKWG/easy-stuffed-pork-chops	https://spoonacular.com/recipeImages/642113-556x370.jpg	228.86	45	6
Basil Marinated Grilled Chicken	634434	The recipe Basil Marinated Grilled Chicken can be made <b>in roughly roughly 45 minutes</b>. One portion of this dish contains around <b>48g of protein</b>, <b>9g of fat</b>, and a total of <b>285 calories</b>. This recipe serves 8 and costs $2.59 per serving. <b>The Fourth Of July</b> will be even more special with this recipe. Head to the store and pick up salt, lightly basil leaves, cup extra virgin olive oil, and a few other things to make it today. 10 people have made this recipe and would make it again. It is brought to you by Foodista. It is a good option if you're following a <b>gluten free, dairy free, and whole 30</b> diet. With a spoonacular <b>score of 80%</b>, this dish is solid. Similar recipes are <a href="https://spoonacular.com/recipes/all-purpose-lemon-basil-marinated-chicken-667189">All Purpose Lemon Basil Marinated Chicken</a>, <a href="https://spoonacular.com/recipes/balsamic-garlic-and-basil-marinated-chicken-breasts-497124">Balsamic, Garlic, and Basil Marinated Chicken Breasts</a>, and <a href="https://spoonacular.com/recipes/yogurt-marinated-grilled-chicken-kebabs-with-grilled-zucchini-salad-1017843">Yogurt-Marinated Grilled Chicken Kebabs with Grilled Zucchini Salad</a>.	Mince garlic in a food processor, then add basil and process until roughly chopped.\nDrizzle in olive oil until a thin ketchup consistency is achieved. Add salt and whirl for 5 seconds to combine.\nPlace chicken in a baking dish and pour marinade over chicken, turning pieces to coat evenly. Cover and refrigerate for 4 hours.\nGrill over medium high heat until cooked through, about 8 minutes per side.	https://www.foodista.com/recipe/6FPGHLSQ/basil-marinated-grilled-chicken	https://spoonacular.com/recipeImages/634434-556x370.jpg	259.49	45	8
5 Minute Gluten Free Wonder Buns	631874	For <b>90 cents per serving</b>, this recipe <b>covers 14%</b> of your daily requirements of vitamins and minerals. One serving contains <b>258 calories</b>, <b>11g of protein</b>, and <b>15g of fat</b>. It is a good option if you're following a <b>gluten free, dairy free, and vegetarian</b> diet. A mixture of almond meal, salt, sesame seeds, and a handful of other ingredients are all it takes to make this recipe so yummy. This recipe from Foodista has 23 fans. From preparation to the plate, this recipe takes roughly <b>45 minutes</b>. All things considered, we decided this recipe <b>deserves a spoonacular score of 58%</b>. This score is solid. Try <a href="https://spoonacular.com/recipes/skinny-gluten-free-hamburger-buns-like-one-buns-704307">Skinny Gluten Free Hamburger Buns (like One Buns!)</a>, <a href="https://spoonacular.com/recipes/gluten-free-pizza-buns-plus-5-reasons-your-kids-should-eat-gluten-free-629781">Gluten Free Pizza Buns – Plus 5 Reasons Your Kids Should Eat Gluten Free</a>, and <a href="https://spoonacular.com/recipes/1-minute-sugar-free-chocolate-mug-cake-low-carb-dairy-gluten-free-557212">1 Minute Sugar-Free Chocolate Mug Cake {Low Carb, Dairy & Gluten Free}</a> for similar recipes.	<ol><li>In  a small bowl, beat the egg and molasses.</li><li>In another small bowl, add the flour, almond meal, ground flax seed, baking powder, and cocoa powder. Make sure it is thoroughly mixed so you do not end up with little balls of cocoa or bitter baking soda.</li><li>Add the eggs to the dry ingredients, stir until smooth.</li><li>Oil a 10 oz Pyrex custard cup and sprinkle sesame seeds on the bottom and sides.</li><li>Pour the batter into the cup. Top with more sesame seeds.</li><li>Microwave for 90 seconds.</li><li>That is it! A ready to eat, tasty bun. A wonder bun!</li></ol>	http://www.foodista.com/recipe/BLVF5K5Y/5-minute-gluten-free-wonder-buns	https://spoonacular.com/recipeImages/631874-556x370.jpg	97.35	45	1
Vegetarian Chinese Pot Stickers	664650	Vegetarian Chinese Pot Stickers could be just the <b>dairy free</b> recipe you've been looking for. This recipe makes 24 servings with <b>30 calories</b>, <b>1g of protein</b>, and <b>1g of fat</b> each. For <b>14 cents per serving</b>, this recipe <b>covers 2%</b> of your daily requirements of vitamins and minerals. A couple people really liked this Chinese dish. 37 people were impressed by this recipe. It works well as a very reasonably priced hor d'oeuvre. A mixture of sriracha hot sauce, water, ginger, and a handful of other ingredients are all it takes to make this recipe so yummy. It is brought to you by Foodista. From preparation to the plate, this recipe takes around <b>around 45 minutes</b>. With a spoonacular <b>score of 28%</b>, this dish is rather bad. Users who liked this recipe also liked <a href="https://spoonacular.com/recipes/chinese-chicken-pot-stickers-162423">Chinese Chicken Pot Stickers</a>, <a href="https://spoonacular.com/recipes/chinese-pork-dumplings-pot-stickers-91987">Chinese Pork Dumplings (Pot Stickers)</a>, and <a href="https://spoonacular.com/recipes/pot-stickers-10085">Pot Stickers</a>.	Add all of the ingredients (except the wrappers, cornstarch, oil, and water) to the bowl of a food processor. Pulse until the mushrooms are finely minced and all of the ingredients are well combined. It will help if youve given the mushrooms a bit of a rough chop first, or if you use pre-sliced mushrooms.\nPlace a won ton wrapper on your work surface, turned so that it appears to be a diamond shape.\nPlace a teaspoon of filling in the middle of the wrapper.\nDip a fingertip into the bowl of water and trace along the two edges farthest from you. Bring up the end closest to you, fold over the filling, and pinch the edges together to seal. Make sure youve gently pressed the wrapper around the filling so there are no air pockets.\nStand up your little triangle pocket so that the filling side sits on your work surface. Fold the top point down, away from you, and pinch. Now, give the edges on either side of that fold 2 little pleats and pinch. Your pot sticker will now look like it has wings. Place it on a large plate thats been dusted with a bit of cornstarch, to prevent sticking.  (Traditionally, pot stickers are made with round dumpling wrappers, so if you have them, you can skip the part about folding the top point down.)\nHeat the skillet over medium-high heat. Brush just a few drops of oil onto the hot pan surface, and place 12 of the pot stickers, upright, into the pan. Allow the bottoms to brown. Carefully add 1/2 cup water to the pan and cover it quickly. Cook for about 3-4 minutes, or until all of the water has been absorbed. Remove the pot stickers immediately to another plate to keep warm, and repeat the procedure with the rest of the uncooked ones.\n*Feel like you have to have meat? Substitute 4 oz. of ground chicken (or pork, if you must) for half of the mushrooms, just dont run it through the food processor. Mix the processed ingredients with the ground chicken thoroughly and fill the wrappers as before. Add a full cup of water (instead of 1/2 cup) to the pan, and steam until the water evaporates, about 5-6 minutes.	https://www.foodista.com/recipe/KF58KP4Y/vegan-vegetarian-pot-stickers	https://spoonacular.com/recipeImages/664650-556x370.jpg	13.89	45	24
Fried Asparagus	643660	The recipe Fried Asparagus can be made <b>in about about 45 minutes</b>. This recipe serves 3. For <b>$1.85 per serving</b>, this recipe <b>covers 23%</b> of your daily requirements of vitamins and minerals. One portion of this dish contains around <b>17g of protein</b>, <b>11g of fat</b>, and a total of <b>335 calories</b>. A mixture of pepper, all purpose flour, grating cheese, and a handful of other ingredients are all it takes to make this recipe so tasty. 8 people were impressed by this recipe. It is brought to you by Foodista. All things considered, we decided this recipe <b>deserves a spoonacular score of 67%</b>. This score is solid. Similar recipes include <a href="https://spoonacular.com/recipes/fried-asparagus-414413">Fried Asparagus</a>, <a href="https://spoonacular.com/recipes/fried-asparagus-1000132">Fried Asparagus</a>, and <a href="https://spoonacular.com/recipes/pan-fried-asparagus-115399">Pan Fried Asparagus</a>.	Bring a medium saucepan with lightly salted water to a boil. Prepare an ice bath (place several cubes with cold water in a bowl). Place the asparagus into the boiling water for 2 to 4 minutes depending on the thickness of the stalks (they should just be pliable but not fully cooked).Remove immediately to the ice bath; when cool, remove to a dish and set aside. Or, you can cook them in the steaming bags for 2 minutes and 30 seconds.\nIn a small dish (square if possible) beat the eggs, salt, pepper, parsley, and grating cheese together. On your counter or work surface, lay out two paper dishes or wax paper sheets and place the bowl with the egg mixture between them.\nFill the first dish with flour and the second with breadcrumbs. Dip the cooled asparagus into the flour, then the egg mixture and finally into the plain breadcrumbs. Layer the breaded asparagus on a platter lined with waxed paper, and place waxed paper between the layers of asparagus.\nHeat a large frying pan with about 1-inch of oil in it. When the oil is hot, fry the asparagus until golden brown. Drain on paper towels. Place on a serving platter. Serve immediately, or you can serve them at room temperature as well.	https://www.foodista.com/recipe/HQZDS8XQ/fried-asparagus	https://spoonacular.com/recipeImages/643660-556x370.jpg	184.98	45	3
Cheddar Polenta With Bacon Wrapped Asparagus	637516	You can never have too many main course recipes, so give Cheddar Polenta With Bacon Wrapped Asparagus a try. Watching your figure? This gluten free recipe has <b>470 calories</b>, <b>19g of protein</b>, and <b>28g of fat</b> per serving. This recipe serves 1 and costs $2.4 per serving. 19 people were impressed by this recipe. A mixture of spears of asparagus, coarse corn grits, extra sharp cheddar cheese, and a handful of other ingredients are all it takes to make this recipe so flavorful. To use up the pepper you could follow this main course with the <a href="https://spoonacular.com/recipes/dr-pepper-cake-with-flour-cooked-frosting-539165">Dr. Pepper Cake with Flour Cooked Frosting</a> as a dessert. From preparation to the plate, this recipe takes roughly <b>45 minutes</b>. All things considered, we decided this recipe <b>deserves a spoonacular score of 56%</b>. This score is good. Try <a href="https://spoonacular.com/recipes/bacon-wrapped-eggs-with-polenta-78094">Bacon-wrapped Eggs With Polenta</a>, <a href="https://spoonacular.com/recipes/bacon-wrapped-eggs-with-polenta-78481">Bacon-Wrapped Eggs with Polenta</a>, and <a href="https://spoonacular.com/recipes/berghoffs-bacon-wrapped-shrimp-over-blue-moon-roasted-red-pepper-polenta-562595">Berghoff’s Bacon-Wrapped Shrimp Over Blue Moon-Roasted Red Pepper Polenta</a> for similar recipes.	<ol><li>Preheat the oven to 400. Wrap 6 thick asparagus spears with two slices of raw bacon.</li><li>Place on a small baking sheet and spritz the bundle with nonstick cooking spray, just to coat the asparagus lightly. Sprinkle with salt and pepper.</li><li>Roast for 15-20 minutes, or until the bacon is crispy and the asparagus is tender.</li><li>Make the cheddar polenta while the asparagus is roasting: Bring chicken broth to a boil in a small saucepan.</li><li>Stir in polenta.Lower the heat and cook slowly for 5 minutes, stirring occasionally until the mixture has thickened.</li><li>Stir in the cheese. I used extra sharp cheddar, but any kind would work. Add a dash of salt and pepper, or more to taste.</li><li>Scoop the polenta in a dish and top with the bacon wrapped asparagus.</li></ol>	http://www.foodista.com/recipe/SH7X54WY/cheddar-polenta-with-bacon-wrapped-asparagus	https://spoonacular.com/recipeImages/637516-556x370.jpg	277.22	45	1
Meatball Sliders	651341	Meatball Sliders might be just the hor d'oeuvre you are searching for. This recipe serves 20 and costs $1.35 per serving. One serving contains <b>357 calories</b>, <b>18g of protein</b>, and <b>16g of fat</b>. A mixture of olive oil, coarse bread crumbs, parmesan, and a handful of other ingredients are all it takes to make this recipe so delicious. A few people made this recipe, and 12 would say it hit the spot. From preparation to the plate, this recipe takes about <b>45 minutes</b>. All things considered, we decided this recipe <b>deserves a spoonacular score of 57%</b>. This score is good. Similar recipes include <a href="https://spoonacular.com/recipes/meatball-sliders-620383">Meatball Sliders</a>, <a href="https://spoonacular.com/recipes/meatball-sliders-522355">Meatball sliders</a>, and <a href="https://spoonacular.com/recipes/meatball-sliders-476889">Meatball Sliders</a>.	<ol><li>To make the tomato sauce:</li><li>Pure tomatoes with their juice in a blender and transfer to a bowl.</li><li>Heat oil in a large heavy pot over medium-high heat and saut onion until golden, about 6 minutes. Add garlic and saut, stirring, 1 minute. Add tomato pure, sugar, bay leaf, and 1 1/2 teaspoons salt and simmer, uncovered, stirring occasionally, until thickened, 40 to 50 minutes. Discard bay leaf.</li><li>Make meatballs while sauce simmers:</li><li>Stir together bread crumbs and milk in a large bowl and let stand 10 minutes. Add meat, garlic, cheese, eggs, parsley, oregano, marjoram, 1/2 teaspoon salt, and 1/2 teaspoon pepper and blend until just combined well (do not overmix). Form level 1/4-cup portions into meatballs.</li><li>Heat oil in a 10-inch heavy skillet over medium-high heat hot and fry meatballs, about 6 at a time, turning occasionally, until well browned and cooked through, 4 to 6 minutes per batch. Transfer to paper towels with a slotted spoon.</li><li>Simmer meatballs in sauce and assemble sliders:</li><li>Add drained meatballs to tomato sauce and simmer, stirring occasionally, until meatballs are heated through.</li><li>Assemble sliders with a meatball and 1 tablespoon sauce per bun. Garnish with baby greens and secure each with a wooden pick.</li></ol>	http://www.foodista.com/recipe/NWGNDD3J/meatball-sliders	https://spoonacular.com/recipeImages/651341-556x370.jpg	135.37	45	20
Creamsicle Cookies	640589	You can never have too many dessert recipes, so give Creamsicle Cookies a try. For <b>18 cents per serving</b>, this recipe <b>covers 2%</b> of your daily requirements of vitamins and minerals. This recipe makes 36 servings with <b>122 calories</b>, <b>2g of protein</b>, and <b>5g of fat</b> each. 13 people have made this recipe and would make it again. Head to the store and pick up sugar, baking soda, egg, and a few other things to make it today. From preparation to the plate, this recipe takes approximately <b>30 minutes</b>. All things considered, we decided this recipe <b>deserves a spoonacular score of 11%</b>. This score is not so amazing. Try <a href="https://spoonacular.com/recipes/orange-creamsicle-cookies-569014">Orange Creamsicle Cookies</a>, <a href="https://spoonacular.com/recipes/orange-creamsicle-cookies-517804">Orange Creamsicle Cookies</a>, and <a href="https://spoonacular.com/recipes/whole-wheat-creamsicle-muffins-with-creamsicle-glaze-65558">Whole Wheat Creamsicle Muffins With  Creamsicle Glaze</a> for similar recipes.	<ol><li>Preheat oven to 375 degrees.</li><li>In a small bowl, combine flour, baking soda, and salt; set aside.</li><li>In a large bowl, cream butter and sugars until light and creamy. Beat in egg and vanilla until smooth. Gradually add flour mixture until combined. Stir in orange zest and chips.</li><li>Drop rounded teaspoonfuls onto ungreased cookie sheets. Do not flatten cookies; it will make them dry. Bake 8 - 10 minutes or until golden brown around edges. Do not overcook! Cookies will be plump. Cool for several minutes on cookie sheets before transferring to rack to cool completely. Store in airtight container.</li></ol>	http://www.foodista.com/recipe/LQ3TCZML/creamsicle-cookies	https://spoonacular.com/recipeImages/640589-556x370.jpg	17.78	30	36
A Christmas With Peking Duck	631888	Need a <b>gluten free and dairy free main course</b>? A Christmas With Peking Duck could be a super recipe to try. For <b>$2.29 per serving</b>, this recipe <b>covers 24%</b> of your daily requirements of vitamins and minerals. This recipe makes 12 servings with <b>1230 calories</b>, <b>35g of protein</b>, and <b>119g of fat</b> each. From preparation to the plate, this recipe takes roughly <b>45 minutes</b>. It will be a hit at your <b>Christmas</b> event. 5 people have made this recipe and would make it again. A mixture of corn syrup, scallions, water, and a handful of other ingredients are all it takes to make this recipe so tasty. To use up the salt you could follow this main course with the <a href="https://spoonacular.com/recipes/apple-turnovers-recipe-48175">Apple Turnovers Recipe</a> as a dessert. All things considered, we decided this recipe <b>deserves a spoonacular score of 74%</b>. This score is pretty good. Try <a href="https://spoonacular.com/recipes/peking-duck-166665">Peking Duck</a>, <a href="https://spoonacular.com/recipes/peking-duck-702595">Peking Duck</a>, and <a href="https://spoonacular.com/recipes/peking-duck-74687">Peking Duck</a> for similar recipes.	<ol><li>Rinse duck and remove innards. Cut skin around neck and remove tail.</li><li>Hang duck neck-side-up over a large pot. Boil water.</li><li>Pour boiling water over the duck until skin is puffed up. Remove boiled water from pot.</li><li>Combine salt, white pepper, five spice powder and 2 tsp of hoison sauce.</li><li>Brush mixture on the outside and inside of the duck to marinate it.</li><li>Let mixture dry - about 2 hours.</li><li>Combine corn syrup, honey, rice vinegar and brush outside of the duck. Let duck air dry for 12-24 hours.</li><li>Preheat oven to 450 degrees. Roast duck for 40 minutes.</li><li>Let meat rest for 15 minutes after cooking. Cut the meat into thin slices and enjoy. Serve with Bao, Chinese pan cakes add hosin sauce and scallions.</li></ol>	http://www.foodista.com/recipe/3NYBNQQD/a-christmas-with-peking-duck	https://spoonacular.com/recipeImages/631888-556x370.jpg	228.79	45	12
Easy To Make Spring Rolls	642129	Easy To Make Spring Rolls might be just the hor d'oeuvre you are searching for. This recipe makes 4 servings with <b>160 calories</b>, <b>12g of protein</b>, and <b>2g of fat</b> each. For <b>$3.61 per serving</b>, this recipe <b>covers 38%</b> of your daily requirements of vitamins and minerals. 22 people were impressed by this recipe. <b>Spring</b> will be even more special with this recipe. From preparation to the plate, this recipe takes roughly <b>45 minutes</b>. This recipe is typical of Vietnamese cuisine. A mixture of sugar, shrimp, chili pepper, and a handful of other ingredients are all it takes to make this recipe so yummy. It is a good option if you're following a <b>gluten free, dairy free, and pescatarian</b> diet. All things considered, we decided this recipe <b>deserves a spoonacular score of 98%</b>. This score is super. Try <a href="https://spoonacular.com/recipes/how-to-make-vietnamese-spring-rolls-794052">How To Make Vietnamese Spring Rolls</a>, <a href="https://spoonacular.com/recipes/how-to-make-vietnamese-spring-rolls-757109">How to make Vietnamese Spring Rolls</a>, and <a href="https://spoonacular.com/recipes/how-to-make-homemade-spring-rolls-with-peanut-sauce-512571">How to Make Homemade Spring Rolls with Peanut Sauce</a> for similar recipes.	<ol><li>Have all the ingredients ready for assembly. In a large bowl filled with water, dip a wrapper in the water. The rice wrapper will begin to soften and this is your cue to remove it from the water and lay it flat. Place 2 shrimp halves in a row across the center and top with basil, mint, cilantro and lettuce. Leave about 1 to 2 inches uncovered on each side.  Fold uncovered sides inward, then tightly roll the wrapper, beginning at the end with the lettuce.  Repeat with remaining wrappers and ingredients. Cut and serve at room temperature with dipping sauce.</li><li>The Culinary Chases Note: The rice wrapper can be fussy to handle if you let it soak too long. I usually give it a couple of swishes in the water and then remove. It may feel slightly stiff but by the time you are ready to roll up, the wrapper will become very pliable.  A typical spring roll contains cooked rice vermicelli, slivers of cooked pork and julienned carrots but you can use whatever suits your fancy.  Enjoy!</li></ol>	http://www.foodista.com/recipe/B5HHJWNP/easy-to-make-spring-rolls	https://spoonacular.com/recipeImages/642129-556x370.jpg	184.48	45	4
Sweet Potatoes Muffins	662610	Sweet Potatoes Muffins might be just the morn meal you are searching for. One serving contains <b>238 calories</b>, <b>2g of protein</b>, and <b>8g of fat</b>. This dairy free recipe serves 15 and costs <b>23 cents per serving</b>. 9 people have tried and liked this recipe. If you have baking powder, egg, cinnamon, and a few other ingredients on hand, you can make it. From preparation to the plate, this recipe takes around <b>45 minutes</b>. All things considered, we decided this recipe <b>deserves a spoonacular score of 22%</b>. This score is rather bad. Try <a href="https://spoonacular.com/recipes/fanned-sweet-potatoes-or-hasselback-sweet-potatoes-secret-club-474154">Fanned Sweet Potatoes or Hasselback Sweet Potatoes {Secret Club}</a>, <a href="https://spoonacular.com/recipes/date-nut-muffins-these-sweet-muffins-with-bits-of-walnuts-and-dates-are-perfect-warm-out-of-the-oven-599736">Date-Nut Muffins – these sweet muffins with bits of walnuts and dates are perfect warm out of the oven</a>, and <a href="https://spoonacular.com/recipes/meatless-sweet-and-sour-dish-with-tofu-and-sweet-potatoes-520910">Meatless sweet and sour dish with tofu and sweet potatoes</a> for similar recipes.	<ol><li>Cook in the oven the sweet potatoes until soft. Remove from the oven and peel them. Place the meat into a dish, smash to reduce to a no chunk pulp and let it cool.</li><li>Keep the oven at 400.</li><li>Mix all the flour, baking powder, salt, sugar, cinnamon and chocolate chips if using.</li><li>Add to the dry ingredients the orange juice, sweet potatoes, egg and oil and mix well.</li><li>Place muffins cups in muffins pan and pour muffins mix up to cup high.</li><li>Sprinkle sanding sugar and bake in the oven for 15 to 20 minutes, or until the toothpick comes out clean.</li><li>Serve at room temperature.</li></ol>	http://www.foodista.com/recipe/M8J4MGVZ/sweet-potatoes-muffins	https://spoonacular.com/recipeImages/662610-556x370.jpg	23.44	45	15
Chicken Cordon Bleu	638035	Chicken Cordon Bleu might be just the main course you are searching for. This recipe serves 6 and costs $2.12 per serving. One serving contains <b>496 calories</b>, <b>49g of protein</b>, and <b>26g of fat</b>. Several people made this recipe, and 161 would say it hit the spot. A mixture of deli ham, chicken breasts, olive oil, and a handful of other ingredients are all it takes to make this recipe so yummy. To use up the flour you could follow this main course with the <a href="https://spoonacular.com/recipes/apple-tart-with-caramel-sauce-47961">Apple Tart with Caramel Sauce</a> as a dessert. From preparation to the plate, this recipe takes around <b>45 minutes</b>. All things considered, we decided this recipe <b>deserves a spoonacular score of 84%</b>. This score is super. Try <a href="https://spoonacular.com/recipes/chicken-cordon-bleu-320142">Chicken Cordon Bleu</a>, <a href="https://spoonacular.com/recipes/chicken-cordon-bleu-74241">Chicken Cordon Bleu</a>, and <a href="https://spoonacular.com/recipes/chicken-cordon-bleu-558701">Chicken Cordon Bleu</a> for similar recipes.	<ol><li>Preheat oven to 350 degrees F.</li><li>Butterfly the chicken breasts by slicing half lengthwise but not cutting all the way through. Lay the halved breasts between 2 pieces of plastic wrap. Using the flat side of a meat mallet, gently pound the chicken to 1/4-inch thickness, taking care to not tear or create holes in the meat.</li><li>Lay 2 slices of cheese on each breast, followed by 2 slices of ham, and 2 more of cheese; leaving a 1/2-inch margin on all sides to help seal the roll. Tuck in the sides of the breast and roll up tight like a jellyroll. Squeeze the log gently to seal.</li><li>Season the flour with salt and pepper; spread out on waxed paper or in a flat dish. Mix the breadcrumbs with thyme, kosher salt, pepper, and oil. The oil will help the crust brown. Beat together the eggs and water, the mixture should be fluid. Lightly dust the chicken with flour, then dip in the egg mixture. Gently coat in the bread crumbs.</li><li>Carefully transfer the roulades to a baking pan and bake for 20 minutes until browned and cooked through.</li><li>Serve whole or cut into pinwheels.</li></ol>	http://www.foodista.com/recipe/KFDCB2XH/chicken-cordon-bleu	https://spoonacular.com/recipeImages/638035-556x370.jpg	212.28	45	6
Rice and Peas with Coconut Curry Mackerel	716364	Rice and Peas with Coconut Curry Mackerel might be just the <b>Indian</b> recipe you are searching for. One serving contains <b>624 calories</b>, <b>31g of protein</b>, and <b>34g of fat</b>. This gluten free, dairy free, and pescatarian recipe serves 4 and costs <b>$2.42 per serving</b>. This recipe from Afrolems has 26 fans. It works well as a budget friendly main course. From preparation to the plate, this recipe takes roughly <b>45 minutes</b>. If you have seasoning cubes, mackerel, curry powder, and a few other ingredients on hand, you can make it. To use up the curry powder you could follow this main course with the <a href="https://spoonacular.com/recipes/curry-ice-cream-with-mango-and-pistachio-539368">Curry Ice Cream with Mango and Pistachio</a> as a dessert. All things considered, we decided this recipe <b>deserves a spoonacular score of 95%</b>. This score is amazing. Similar recipes include <a href="https://spoonacular.com/recipes/coconut-chicken-curry-with-snow-peas-and-rice-157311">Coconut Chicken Curry with Snow Peas and Rice</a>, <a href="https://spoonacular.com/recipes/black-eyed-peas-curry-with-coconut-lobia-curry-600742">Black Eyed Peas Curry (With Coconut) (Lobia Curry)</a>, and <a href="https://spoonacular.com/recipes/skillet-chicken-with-snap-peas-mushrooms-and-coconut-curry-202063">Skillet Chicken with Snap Peas, Mushrooms, and Coconut Curry</a>.	Pour 1 cup of coconut milk in a pot with 1 seasoning cube and allow to boil for a minute.Pour in your rice and peas in the boiling coconut milk and pour 2 cups of water and leave to boil till the rice and peas are soft on low heat.In a separate pot, season and bring the mackerel to boil in the rest of the coconut milk, curry powder and some water.Toss in the chopped onion, scotch bonnet peppers and garlic and allow to simmer on medium heat.Once the fish is cooked, add the corn starch to thicken the sauce and allow to simmer for 4 minutes on low heat.Serve with the rice and peas	http://www.afrolems.com/2014/10/31/rice-and-peas-with-coconut-curry-mackerel/	https://spoonacular.com/recipeImages/716364-556x370.jpg	241.7	45	4
Easy Turtle Pumpkin Pie	642133	If you have approximately <b>approximately 45 minutes</b> to spend in the kitchen, Easy Turtle Pumpkin Pie might be an excellent <b>gluten free</b> recipe to try. This recipe serves 4. One portion of this dish contains around <b>5g of protein</b>, <b>54g of fat</b>, and a total of <b>770 calories</b>. For <b>$1.95 per serving</b>, this recipe <b>covers 12%</b> of your daily requirements of vitamins and minerals. 41 person were impressed by this recipe. This recipe from Foodista requires instant vanilla pudding, sugar, pumpkin puree, and cinnamon. It can be enjoyed any time, but it is especially good for <b>Thanksgiving</b>. Overall, this recipe earns a <b>not so amazing spoonacular score of 33%</b>. <a href="https://spoonacular.com/recipes/turtle-pumpkin-pie-104632">Turtle Pumpkin Pie</a>, <a href="https://spoonacular.com/recipes/turtle-pumpkin-pie-273128">Turtle Pumpkin Pie</a>, and <a href="https://spoonacular.com/recipes/turtle-pumpkin-pie-104643">Turtle Pumpkin Pie</a> are very similar to this recipe.	Preheat oven to 350F.\nIn a large mixing bowl or the bowl of a stand mixer, combine cream and sugar. Beat until stiff peaks form and set aside.\nTo make the crust, place cookies and butter in a food processor, pulse until finely ground. Press into a 9-inch pie plate and bake at 350F for 10 minutes. Set aside to cool.\nCombine pudding mix, pumpkin, milk and cinnamon in large bowl until well combined. Fold in half of the whipped cream and pour into your prepared crust.\nTop pie with the remaining whipped cream, drizzle with caramel sauce and sprinkle the pecans on top.\nRefrigerate for at least 1 hour (or overnight) before serving.\n* You can also try make this in a springform pan, but I would recommend popping the cake in the freezer before unmolding/serving -- just be sure not to let it warm up too much or it might start to collapse!	https://www.foodista.com/recipe/5M7CCPQS/no-bake-turtle-pumpkin-pie	https://spoonacular.com/recipeImages/642133-556x370.jpg	195.3	45	4
Fall Fruit Compote	642554	Fall Fruit Compote might be just the sauce you are searching for. This recipe makes 8 servings with <b>131 calories</b>, <b>1g of protein</b>, and <b>3g of fat</b> each. For <b>68 cents per serving</b>, this recipe <b>covers 2%</b> of your daily requirements of vitamins and minerals. It can be enjoyed any time, but it is especially good for <b>Autumn</b>. If you have apple cider vinegar, cinnamon stick, cherries, and a few other ingredients on hand, you can make it. 7 people have made this recipe and would make it again. It is a good option if you're following a <b>gluten free and vegetarian</b> diet. From preparation to the plate, this recipe takes around <b>45 minutes</b>. All things considered, we decided this recipe <b>deserves a spoonacular score of 12%</b>. This score is not so amazing. Try <a href="https://spoonacular.com/recipes/fall-fruit-compote-57602">Fall Fruit Compote</a>, <a href="https://spoonacular.com/recipes/sunday-brunch-fall-fruit-compote-50308">Sunday Brunch: Fall Fruit Compote</a>, and <a href="https://spoonacular.com/recipes/angel-food-cake-with-fall-fruit-compote-59222">Angel Food Cake with Fall Fruit Compote</a> for similar recipes.	<ol><li>Melt the butter in a medium saucepan over high heat. Add the diced apples, pears, cherries, vinegar, apple juice, brown sugar, and cinnamon stick. Cook for 5 minutes. Lower the heat to medium and cook a few minutes more, until the fruit is tender and the liquid has boiled away. Add a bit more apple juice to keep the fruit from scorching. The compote will keep for a week, refrigerated. Serve warm with potato latkes.</li></ol>	http://www.foodista.com/recipe/WKXKPMZ8/fall-fruit-compote	https://spoonacular.com/recipeImages/642554-556x370.jpg	68.18	45	8
Cheesy Cowboy Quesadillas	732255	Cheesy Cowboy Quesadillas takes about <b>10 minutes</b> from beginning to end. One serving contains <b>505 calories</b>, <b>26g of protein</b>, and <b>27g of fat</b>. This recipe serves 4. For <b>$1.28 per serving</b>, this recipe <b>covers 20%</b> of your daily requirements of vitamins and minerals. 16 people have tried and liked this recipe. Head to the store and pick up cheese, cream cheese, canned black beans, and a few other things to make it today. It works well as a Mexican hor d'oeuvre. It is brought to you by Pink When. It is a good option if you're following a <b>gluten free</b> diet. With a spoonacular <b>score of 68%</b>, this dish is good. Try <a href="https://spoonacular.com/recipes/cowboy-quesadillas-271129">Cowboy Quesadillas</a>, <a href="https://spoonacular.com/recipes/cheesy-quesadillas-493818">Cheesy Quesadillas</a>, and <a href="https://spoonacular.com/recipes/cheesy-quesadillas-270504">Cheesy Quesadillas</a> for similar recipes.	<ol><li>Toss butter, onions and garlic in a pan and saute for a couple minutes! Add chicken, beans, corn, pepper, salt, cumin and chili powder.</li><li>Let it warm through all the way and then add the cream cheese in spoonfuls so that it can get all melty. Add in 1 cup of cheese and stir until the mixture gets creamy and cheesy!</li><li>Add about ¼ cup of filling to a tortilla and if you are feeling cheesy, add a little extra cheese. We like it cheesy around here!</li><li>Fry on each side for a couple of minutes until the tortilla is crispy!</li></ol>	http://www.pinkwhen.com/cheesy-cowboy-quesadillas-recipe/	https://spoonacular.com/recipeImages/732255-556x370.jpg	131.27	10	4
Asparagus Eggs Benedict	632928	Asparagus Eggs Benedict requires about <b>30 minutes</b> from start to finish. This recipe serves 2 and costs $2.34 per serving. One portion of this dish contains about <b>33g of protein</b>, <b>57g of fat</b>, and a total of <b>767 calories</b>. It works well as a breakfast. 146 people have tried and liked this recipe. It is brought to you by Foodista. A mixture of asparagus spears, butter, cayenne pepper, and a handful of other ingredients are all it takes to make this recipe so flavorful. With a spoonacular <b>score of 75%</b>, this dish is solid. <a href="https://spoonacular.com/recipes/mushroom-asparagus-eggs-benedict-406851">Mushroom & Asparagus Eggs Benedict</a>, <a href="https://spoonacular.com/recipes/easy-eggs-benedict-with-asparagus-718416">Easy Eggs Benedict with Asparagus</a>, and <a href="https://spoonacular.com/recipes/prosciutto-wrapped-asparagus-eggs-benedict-486583">Prosciutto Wrapped Asparagus Eggs Benedict</a> are very similar to this recipe.	<ol><li>Fill a medium saucepan or wide deep skillet 3/4 full with hot tap water.</li><li>Bring to a boil over high heat. Reduce heat to maintain a gentle boil. Trim off and discard woody ends of asparagus. Place asparagus in shallow microwave-safe casserole dish, cover with vented plastic wrap, and cook at HIGH power 1-1/2 to 2-1/2 minutes or until asparagus are crisp-tender.</li><li>Cover tightly; set aside in a warm place.</li><li>Break whole eggs, one at a time, into a small dish. Slip eggs into simmering water. Cook about 3 minutes for soft-set eggs or until cooked as desired.</li><li>While eggs are cooking, place egg yolks in blender container. Add lemon juice, salt and cayenne pepper. Place butter in microwave-safe measuring cup and cook at HIGH power until melted and bubbly, about 1 to 1-1/2 minutes.</li><li>With blender running, pour hot butter in a stream through the hole in the lid. Blend 30 seconds or until sauce has thickened.</li><li>Split and toast English muffins. Place warmed ham on each muffin half and top with about 3 asparagus. Using a slotted spoon, place poached eggs over asparagus. Spoon sauce over eggs.</li></ol>	http://www.foodista.com/recipe/SZT38TKR/asparagus-eggs-benedict	https://spoonacular.com/recipeImages/632928-556x370.jpg	245.71	30	2
Sterling Cooper Blini with Caviar	661602	Sterling Cooper Blini with Caviar might be just the morn meal you are searching for. For <b>25 cents per serving</b>, this recipe <b>covers 2%</b> of your daily requirements of vitamins and minerals. Watching your figure? This pescatarian recipe has <b>84 calories</b>, <b>1g of protein</b>, and <b>7g of fat</b> per serving. A few people made this recipe, and 22 would say it hit the spot. This recipe is typical of Eastern European cuisine. A mixture of cream, sugar, caviar, and a handful of other ingredients are all it takes to make this recipe so yummy. From preparation to the plate, this recipe takes around <b>45 minutes</b>. All things considered, we decided this recipe <b>deserves a spoonacular score of 11%</b>. This score is not so amazing. Similar recipes include <a href="https://spoonacular.com/recipes/sterling-cooper-sling-cocktail-493439">Sterling Cooper Sling Cocktail</a>, <a href="https://spoonacular.com/recipes/vichyssoise-of-kumumoto-oysters-and-royal-sterling-caviar-354648">Vichyssoise of Kumumoto Oysters and Royal Sterling Caviar</a>, and <a href="https://spoonacular.com/recipes/potato-blini-with-caviar-307024">Potato Blini with Caviar</a>.	<ol><li>In a large bowl, sift the flour and baking powder together. Add the milk, sugar and 2 tablespoons sour cream. Beat the egg until frothy, add to batter and stir well. Let batter stand for 20 minutes.</li><li>Melt butter on a griddle or large skillet.  Fry small (2-3 inch) pancakes in very hot butter. Drain on paper towels. Top each blini with sour cream and caviar before serving.</li></ol>	http://www.foodista.com/recipe/FR7746PB/sterling-cooper-blini-with-caviar	https://spoonacular.com/recipeImages/661602-556x370.jpg	25.02	45	16
Grilled Guacamole with Pistachios	645730	The recipe Grilled Guacamole with Pistachios is ready <b>in about 45 minutes</b> and is definitely an amazing <b>gluten free and vegan</b> option for lovers of Mexican food. This hor d'oeuvre has <b>355 calories</b>, <b>5g of protein</b>, and <b>33g of fat</b> per serving. For <b>$1.38 per serving</b>, this recipe <b>covers 14%</b> of your daily requirements of vitamins and minerals. It can be enjoyed any time, but it is especially good for <b>The Fourth Of July</b>. A couple people made this recipe, and 17 would say it hit the spot. Head to the store and pick up olive oil to brush vegetables, salt, onion, and a few other things to make it today. All things considered, we decided this recipe <b>deserves a spoonacular score of 83%</b>. This score is great. Try <a href="https://spoonacular.com/recipes/for-guacamole-with-pistachios-551880">for Guacamole with Pistachios</a>, <a href="https://spoonacular.com/recipes/guacamole-grilled-sandwich-guacamole-toast-607843">Guacamole Grilled Sandwich | Guacamole Toast</a>, and <a href="https://spoonacular.com/recipes/grilled-peaches-with-mascarpone-and-pistachios-558635">Grilled Peaches with Mascarpone and Pistachios</a> for similar recipes.	<ol><li>Lightly brush the avocado flesh, corn, onion, and jalapeno peppers with olive oil.</li><li>Place all but the avocado in a grill basket and on the grill over medium-high heat.</li><li>Place the avocados, cut side up, directly on the grill and cook for 2 minutes, then flip and cook, cut side down, for another 2 minutes. When finished, remove and set aside.</li><li>Allow the other vegetables to cook, turning, until they are tender and lightly charred (10-12 minutes). The corn may take a few minutes longer than the other vegetables. If needed, remove the other vegetables and allow the corn to continue to cook.</li><li>When the vegetables have cooled enough to touch, cut the corn off the cob, and dice the other vegetables.</li><li>In a large bowl, combine the tomatoes, corn, onion, peppers, garlic, and cilantro, and toss to mix.</li><li>Add the avocado to the mixture, lightly tossing and mashing it.</li><li>Add the lime juice and seasoning. Mix together and adjust as needed.</li><li>Add the pistachios, toss the mixture again and serve.</li></ol>	http://www.foodista.com/recipe/T2RCLMGG/grilled-guacamole-with-pistachios	https://spoonacular.com/recipeImages/645730-556x370.jpg	136.55	45	8
Crispy Baked Green Bean Fries	795749	The recipe Crispy Baked Green Bean Fries is ready <b>in around 45 minutes</b> and is definitely a great <b>caveman, gluten free, dairy free, and primal</b> option for lovers of American food. This recipe makes 2 servings with <b>677 calories</b>, <b>32g of protein</b>, and <b>49g of fat</b> each. For <b>$3.3 per serving</b>, this recipe <b>covers 27%</b> of your daily requirements of vitamins and minerals. 48 people have made this recipe and would make it again. A few people really liked this side dish. Head to the store and pick up almond meal, beans, garlic powder, and a few other things to make it today. All things considered, we decided this recipe <b>deserves a spoonacular score of 83%</b>. This score is tremendous. Try <a href="https://spoonacular.com/recipes/crispy-baked-green-bean-fries-556194">Crispy Baked Green Bean Fries</a>, <a href="https://spoonacular.com/recipes/crispy-baked-green-bean-fries-with-creamy-sriracha-sauce-676654">Crispy Baked Green Bean Fries with Creamy Sriracha Sauce</a>, and <a href="https://spoonacular.com/recipes/crispy-baked-string-bean-fries-492530">Crispy Baked String Bean Fries</a> for similar recipes.	Heat oven to 425. Prepare a cookie sheet, and then line the coated green beans onto the sheet. Bake in oven for 12-15 minutes, turning the beans, and then baking for another 5 minutes. (Start checking the coating after the first 12 minutes periodically to make sure that they are not burning.) Remove from oven when they have reached a lightly crisp golden brown color.Remove from oven and serve immediately. These are SO completely delicious!Arent these just amazing? (Trust me, they REALLY are!) If you are looking for even more healthy recipes, you can find them in the Simple Fit Forty Section of this site. If you want even more inspiration, make sure you are also following us on Instagram.	http://www.pinkwhen.com/crispy-baked-green-bean-fries/	https://spoonacular.com/recipeImages/795749-556x370.jpg	329.96	45	2
Chicken Fajita Stuffed Bell Pepper	795751	Chicken Fajita Stuffed Bell Pepper might be just the <b>Mexican</b> recipe you are searching for. One serving contains <b>561 calories</b>, <b>36g of protein</b>, and <b>24g of fat</b>. For <b>$2.96 per serving</b>, this recipe <b>covers 41%</b> of your daily requirements of vitamins and minerals. 159 people have tried and liked this recipe. It works best as a main course, and is done in approximately <b>45 minutes</b>. Head to the store and pick up medium/large avocado, cheese, chili powder, and a few other things to make it today. To use up the quinoa you could follow this main course with the <a href="https://spoonacular.com/recipes/quinoa-pudding-129583">Quinoa Pudding</a> as a dessert. It is a good option if you're following a <b>gluten free</b> diet. All things considered, we decided this recipe <b>deserves a spoonacular score of 98%</b>. This score is tremendous. Try <a href="https://spoonacular.com/recipes/stuffed-bell-peppers-or-meatloaf-in-a-bell-pepper-551310">Stuffed Bell Peppers [or meatloaf in a bell pepper]</a>, <a href="https://spoonacular.com/recipes/stuffed-bell-pepper-526845">Stuffed Bell Pepper</a>, and <a href="https://spoonacular.com/recipes/stuffed-red-bell-pepper-rellenos-772739">Stuffed Red Bell Pepper Rellenos</a> for similar recipes.	To get started heat oven to 350.Mix salt, pepper, cilantro, cumin, chili powder, and quinoa together and place to the side.Cut the bell pepper in half (if you havent already) and clean out the seeds.Layer quinoa and then grilled chicken into the pepper, and then top each with cheese.Place in the oven for about 10 minutes until the bell pepper has softened.Chicken Fajita Stuffed Bell PepperTop with avocado and serve with shredded lettuce and salsa for a complete meal.This is SO GOOD! I love bell peppers, and I love all of these flavors that are married together that make this chicken fajita stuffed bell pepper so amazing. I could seriously just eat the flavored quinoa all by itself.If you are looking for even more delicious and healthy recipes, make sure you head over to the Simple Fit Forty tab under the cooking section of this blog. We have all of our favorite healthy recipes listed for you right there in one spot. You can also drool over out latest on the Simple Fit Forty Instagram page.If you are looking to get healthy and fit, come and join the super secret and awesome Simple Fit Forty Lifestyle community over on Facebook. We would love to have you join!	http://www.pinkwhen.com/chicken-fajita-stuffed-bell-pepper/	https://spoonacular.com/recipeImages/795751-556x370.jpg	362.46	45	3
White Chocolate Raspberry Brie Cups	665193	White Chocolate Raspberry Brie Cups might be just the hor d'oeuvre you are searching for. This recipe serves 15 and costs 37 cents per serving. One serving contains <b>54 calories</b>, <b>1g of protein</b>, and <b>2g of fat</b>. If you have raspberry preserves, chocolate, raspberries, and a few other ingredients on hand, you can make it. 19 people were impressed by this recipe. From preparation to the plate, this recipe takes about <b>20 minutes</b>. This recipe is typical of Mediterranean cuisine. All things considered, we decided this recipe <b>deserves a spoonacular score of 11%</b>. This score is rather bad. Try <a href="https://spoonacular.com/recipes/white-chocolate-brie-cups-418892">White Chocolate Brie Cups</a>, <a href="https://spoonacular.com/recipes/keto-white-chocolate-raspberry-cups-769482">Keto White Chocolate Raspberry Cups</a>, and <a href="https://spoonacular.com/recipes/white-chocolate-raspberry-dessert-cups-166002">White Chocolate Raspberry Dessert Cups</a> for similar recipes.	<ol><li>Preheat oven to 350 degrees.</li><li>Line a baking sheet with parchment paper</li><li>Place 1 teaspoon white chocolate in bottom of shell. Top with chopped Brie. Add about 1/2 tsp. raspberry preserves on top and bake for 8 minutes.</li><li>Remove from oven and top with leftover raspberry jam, place back in oven for 1 minute. Top with a raspberry. Serve hot.</li></ol>	http://www.foodista.com/recipe/ZSNXT7F6/white-chocolate-raspberry-brie-cups	https://spoonacular.com/recipeImages/665193-556x370.jpg	37.09	20	15
Mangolicious Upside Down Cake	650858	Need a <b>vegetarian dessert</b>? Mangolicious Upside Down Cake could be a great recipe to try. This recipe makes 12 servings with <b>287 calories</b>, <b>3g of protein</b>, and <b>13g of fat</b> each. For <b>67 cents per serving</b>, this recipe <b>covers 6%</b> of your daily requirements of vitamins and minerals. 67 people have made this recipe and would make it again. If you have vanilla, eggs, mangos, and a few other ingredients on hand, you can make it. From preparation to the plate, this recipe takes about <b>45 minutes</b>. All things considered, we decided this recipe <b>deserves a spoonacular score of 29%</b>. This score is not so amazing. Similar recipes include <a href="https://spoonacular.com/recipes/mangolicious-shake-471950">Mangolicious Shake</a>, <a href="https://spoonacular.com/recipes/eggless-apple-upside-down-cake-apple-upside-down-cake-488474">eggless apple upside down cake | apple upside down cake</a>, and <a href="https://spoonacular.com/recipes/blueberry-skillet-cake-a-berry-licious-upside-down-cake-496632">Blueberry Skillet Cake (a Berry-licious Upside-Down Cake)</a>.	<ol><li>Preheat oven to 350F.</li><li>Butter 9x2-inch round cake pan.</li><li>Pat slices of mango dry with paper towels.</li><li>In small bowl, stir together butter and brown sugar and spread evenly in pan. Arrange mango pieces from two mangos on the sugar mixture.</li><li>Reserve the rest for mango puree and set aside.</li><li>In food processor, puree remaining mangos to make  cup.</li><li>Into small bowl sift together the flour, baking powder, salt and cinnamon.</li><li>In another bowl with electric mixer, cream butter and sugar until mixture is light and fluffy.</li><li>Add eggs, one at a time, beating well after each addition.</li><li>Beat in vanilla.</li><li>Add flour mixture alternately in batches with pureed mangos.</li><li>Beginning and ending with flour mixture and beating well after each addition. Pour batter into pan, spreading evenly.</li><li>Bake cake in middle of oven for 45 to 55 minutes, or until it tests done.</li><li>Let cake cool in the pan on a rack for 15 minutes.</li><li>Run a thin knife around the edge and invert onto a platter.</li></ol>	http://www.foodista.com/recipe/8H3JJ2WH/mangolicious-upside-cake	https://spoonacular.com/recipeImages/650858-556x370.jpg	67.67	45	12
Pan-Fried Basa Fillets With Asian Marinade	654441	The recipe Pan-Fried Basa Fillets With Asian Marinade can be made <b>in approximately around 45 minutes</b>. One portion of this dish contains around <b>162g of protein</b>, <b>7g of fat</b>, and a total of <b>811 calories</b>. This recipe serves 2. For <b>$14.55 per serving</b>, this recipe <b>covers 49%</b> of your daily requirements of vitamins and minerals. 18 people were impressed by this recipe. A mixture of basa fillets, ginger-garlic paste, spring onions, and a handful of other ingredients are all it takes to make this recipe so scrumptious. This recipe is typical of Asian cuisine. It is brought to you by Foodista. It is a good option if you're following a <b>gluten free, dairy free, and pescatarian</b> diet. Taking all factors into account, this recipe <b>earns a spoonacular score of 95%</b>, which is super. Similar recipes are <a href="https://spoonacular.com/recipes/pan-fried-chicken-cutlets-with-indian-yogurt-marinade-145064">Pan-Fried Chicken Cutlets with Indian Yogurt Marinade</a>, <a href="https://spoonacular.com/recipes/pan-fried-cod-with-asian-dressing-85494">Pan Fried Cod with Asian Dressing</a>, and <a href="https://spoonacular.com/recipes/pan-fried-asian-style-crab-burgers-13032">Pan-Fried Asian-Style Crab Burgers</a>.	Marinate the fillets with the soy sauce, chilli sauce, ginger-garlic paste and salt and pepper to taste for at least half an hour.\nHeat the oil in a frying pan. Shake off the extra marinade from the fillets and fry on both sides on medium heat until cooked through.\nRemove and place on serving tray. Add the remaining marinade to the pan and turn up the heat. Let it bubble until it thickens and gets syrupy. Pour over the fillets.\nGarnish with the carrot and spring onions and serve with steamed white rice or noodles.	https://www.foodista.com/recipe/FK82K8PG/pan-fried-basa-fillets-with-asian-marinade	https://spoonacular.com/recipeImages/654441-556x370.jpg	1455.14	45	2
Classic French Onion Soup	639597	If you want to add more <b>Mediterranean</b> recipes to your collection, Classic French Onion Soup might be a recipe you should try. For <b>$2.94 per serving</b>, you get a main course that serves 4. One portion of this dish contains approximately <b>18g of protein</b>, <b>24g of fat</b>, and a total of <b>416 calories</b>. 19 people were impressed by this recipe. If you have salt and pepper, parsley, flour, and a few other ingredients on hand, you can make it. It will be a hit at your <b>Autumn</b> event. It is brought to you by Foodista. From preparation to the plate, this recipe takes around <b>around 45 minutes</b>. Taking all factors into account, this recipe <b>earns a spoonacular score of 39%</b>, which is rather bad. If you like this recipe, you might also like recipes such as <a href="https://spoonacular.com/recipes/le-cafe-ile-st-louis-onion-soup-gratinee-this-is-a-new-take-on-the-classic-french-onion-soup-599269">Le Cafe Ile St. Louis Onion Soup Gratinee – this is a new take on the classic French Onion Soup</a>, <a href="https://spoonacular.com/recipes/classic-french-onion-soup-219941">Classic French Onion Soup</a>, and <a href="https://spoonacular.com/recipes/classic-french-onion-soup-706900">Classic French Onion Soup</a>.	Preheat oven to 400\nIn a large Dutch oven, melt butter over medium heat.\nAdd onions to the pot and sprinkle with flour. Reduce heat to medium low and cook for 45 minutes stirring occasionally. If the onions are cooking too quickly, reduce heat.\nWhen the onions are tender and golden in colour, de-glaze the pan with sherry.\nPour beef broth into the pot and bring to a boil over medium heat. Add herbs, salt and pepper to taste.\nReduce heat and simmer for 15 minutes.\nSpray a cookie sheet with cooking spray. Butter slices of French bread and bake in the oven for 5-10 minutes until very dry. Set aside.\nRemove herb stalks and bay leaf.\nLadle soup portions into four oven safe ramekins. Top with crusty French bread and sprinkle with cheese. Place ramekins on a cookie sheet and bake uncovered at 400 for 5-10 minutes until cheese is bubbling. Broil for one minute more to brown the top.\nServe warm.\nServes 4	https://www.foodista.com/recipe/YJ4JZ8ZP/classic-french-onion-soup	https://spoonacular.com/recipeImages/639597-556x370.jpg	293.89	45	4
Thai Savory Brown Fried Rice	663150	Thai Savory Brown Fried Rice is a Chinese recipe that serves 4. This main course has <b>559 calories</b>, <b>15g of protein</b>, and <b>32g of fat</b> per serving. For <b>$1.56 per serving</b>, this recipe <b>covers 28%</b> of your daily requirements of vitamins and minerals. 9 people found this recipe to be scrumptious and satisfying. From preparation to the plate, this recipe takes roughly <b>roughly 45 minutes</b>. Head to the store and pick up extra virgin olive oil, lime wedges, chili peppers, and a few other things to make it today. It is brought to you by Foodista. It is a good option if you're following a <b>gluten free, dairy free, lacto ovo vegetarian, and vegan</b> diet. All things considered, we decided this recipe <b>deserves a spoonacular score of 86%</b>. This score is awesome. If you like this recipe, take a look at these similar recipes: <a href="https://spoonacular.com/recipes/savory-slow-cooker-brown-rice-and-lentils-525366">Savory Slow Cooker Brown Rice and Lentils</a>, <a href="https://spoonacular.com/recipes/thai-star-thai-fried-rice-600245">Thai Star Thai Fried Rice</a>, and <a href="https://spoonacular.com/recipes/savory-indian-pancakes-with-lentils-brown-rice-and-cabbage-630342">Savory Indian Pancakes with Lentils, Brown Rice and Cabbage</a>.	Make my Perfect Brown Rice recipe below.  While brown \nrice is cooking prepare rest of meal.\n\nPERFECT BROWN RICE\n1 cup uncooked brown rice\n1 tsp. olive oil\n2 cups filtered water\n2 basil leaves (optional)\n\n\nFix brown rice by cooking in 1 tsp. olive oil until lightly browned. Place 2 basil leaves on top of rice and add 2 cups water all at once. Quickly put on lid and bring to boil. Turn down heat to simmer until all water has evaporated (around 40 minutes).\nHeat oil in a wok or large frying pan.  Add the garlic and cook on medium until lightly golden.  Watch carefully so you do not burn garlic.\nAdd the red chili peppers, cashew nuts and toasted coconut.  Mix together stevia, Nama Shoyu and apple cider vinegar together.  Cook over medium heat for 1 minutes.\nPush stir-fry to one side of pan and add flax on opposite end.  Cook and stir the flax egg for about a minute and then incorporate into stir-fry mixture.\nAdd the green beans, bok choy and brown rice to stir-fry.  Cook and stir on medium for another minute.  Bok Choy will be wilted, but green beans will still be a bit crunchy.\nSpoon into serving dish and add lime wedge on side for squeezing over rice.	https://www.foodista.com/recipe/7C3JZV44/thai-savory-brown-fried-rice	https://spoonacular.com/recipeImages/663150-556x370.jpg	156.3	45	4
Thai Shrimp	663151	The recipe Thai Shrimp is ready <b>in about 45 minutes</b> and is definitely an excellent <b>gluten free, dairy free, and pescatarian</b> option for lovers of Asian food. This recipe makes 4 servings with <b>368 calories</b>, <b>27g of protein</b>, and <b>8g of fat</b> each. For <b>$3.42 per serving</b>, this recipe <b>covers 23%</b> of your daily requirements of vitamins and minerals. It works well as a pretty expensive main course. 8 people have made this recipe and would make it again. A mixture of chilies, chicken stock, rice, and a handful of other ingredients are all it takes to make this recipe so yummy. To use up the peanut oil you could follow this main course with the <a href="https://spoonacular.com/recipes/salted-peanut-toffee-cookies-160785">Salted Peanut Toffee Cookies</a> as a dessert. All things considered, we decided this recipe <b>deserves a spoonacular score of 74%</b>. This score is solid. Try <a href="https://spoonacular.com/recipes/shrimp-pad-thai-for-two-375455">Shrimp Pad Thai for Two</a>, <a href="https://spoonacular.com/recipes/shrimp-pad-thai-82676">Shrimp Pad Thai</a>, and <a href="https://spoonacular.com/recipes/shrimp-pad-thai-375448">Shrimp Pad Thai</a> for similar recipes.	<ol><li>Peel and devein shrimp. Wash, dry and steam basil, mince garlic, thinly slice seeded chilies, mince white part of onion and cut green part into 1 inch pieces. Recipe can be prepared ahead to this stage.</li><li>Heat wok over high heat. Swirl oil into wok and heat almost to smoking. Add garlic, chilies, onions (white part), and cook 10-15 seconds; add shrimp and stir fry 20 seconds or until they change color. Add fish sauce, soy sauce, sugar, chicken, stock and green part of onions and bring mixture to a boil. Stir in basil and cook 20 seconds or until leaves wilt and shrimp are firm and pink. Dish is supposed to be soupy. Serve over hot cooked rice.</li></ol>	http://www.foodista.com/recipe/R35HC6C4/thai-shrimp	https://spoonacular.com/recipeImages/663151-556x370.jpg	342.07	45	4
\.


--
-- Data for Name: recipes_to_ing; Type: TABLE DATA; Schema: public; Owner: -
--

COPY public.recipes_to_ing (recipe_id, ingredient_id) FROM stdin;
637440	99031
637440	11294
637440	11215
637440	11457
637440	11124
637440	11291
637440	11260
637440	11477
637440	4053
637440	4058
637440	16124
637440	19335
637440	2047
648709	11233
648709	16058
648709	11507
648709	4053
648709	11677
648709	11215
648709	2044
648709	1032009
648709	14003
648709	9297
648709	1012028
648709	1002014
648709	1001
648709	9160
648709	1102047
663559	4053
663559	11282
663559	11215
663559	11124
663559	10011693
663559	2004
663559	14412
663559	16069
663559	2047
663559	11297
792072	19912
792072	9152
792072	11233
792072	93690
792072	11677
792072	12698
792072	14412
659465	20081
659465	35137
659465	18371
659465	2047
659465	11156
659465	1012
659465	1123
659465	4582
659465	1077
659465	14121
639487	20081
639487	9003
639487	19334
639487	2010
639487	1123
639487	19335
639487	9156
639487	1077
639487	4582
639487	2047
639487	1145
792587	11135
792587	1123
792587	1022027
792587	1001025
792587	1002030
792587	2047
716301	11216
716301	13311111
716301	19296
716301	9152
716301	2064
646673	2004
646673	19334
646673	1001
646673	2003
646673	2036
646673	2042
646673	2018
646673	14412
646673	1082047
646673	1002030
646673	5006
637458	10123
637458	1002046
637458	2029
637458	9152
637458	4053
637458	11352
637458	1102047
637458	11291
657939	1006
657939	11209
657939	4053
657939	11477
657939	11641
657939	10411529
657939	2049
659988	10311529
659988	11165
659988	11215
659988	1053
659988	10720420
659988	4053
659988	1102047
659988	11677
659988	15152
665620	9279
665620	19335
665620	1125
665620	1082047
631830	18371
631830	4582
631830	12155
631830	10019903
631830	19335
631830	10020081
631830	9019
631830	2050
658967	5062
658967	1002010
658967	93818
658967	1002011
658967	31015
658967	10111215
658967	93754
658967	1002030
658967	2037
658967	1077
658967	2047
660504	20081
660504	18371
660504	8160
660504	35137
660504	1012
660504	1123
660504	1001116
660504	4053
660504	2047
660504	14412
642585	10120420
642585	2044
642585	1026
642585	4053
642585	1102047
642585	11529
642585	1145
635418	18372
635418	9040
635418	9050
635418	1124
635418	1001256
635418	2047
635418	19335
635418	2050
635418	10020080
716321	9050
716321	12117
716321	1095
716321	9139
716321	16091
641057	11135
641057	11485
641057	9003
641057	14412
641057	93767
641057	2015
641057	2021
641057	1016168
641057	16213
647210	11098
647210	1002046
647210	19296
647210	4053
647210	1102047
716330	5062
716330	6080
716330	9176
716330	1002030
716330	1032027
716330	4513
716342	1012034
716342	5006
716342	2009
716342	4582
716342	10014412
716342	11282
716342	2047
639031	1001
639031	4582
639031	10019146
639031	1123
639031	99040
639031	16098
639031	8120
639031	2050
639031	1077
643129	1001
643129	1214
643129	1082047
643129	93644
643129	10019903
643129	19335
643129	2050
644666	4513
644666	1077
644666	1053
644666	93622
644666	10111111
644666	9152
644666	14412
644666	19177
644666	19335
644666	1001056
644666	9156
644666	6150
644666	9042
644666	9050
644666	19334
644666	10114037
644666	2021
644666	2006
644666	2010
636989	9003
636989	18371
636989	19334
636989	1001
636989	1017
636989	1123
636989	20081
636989	19335
636989	1012010
636989	12142
636989	2047
636989	1029003
636989	2050
716351	93607
716351	9040
716351	14317
716351	9316
716351	19095
716351	1054
645696	2044
645696	10211821
645696	11209
645696	11215
645696	1159
645696	4053
645696	1038
645696	10411529
645696	2047
645696	11529
642113	1001
642113	11143
642113	6194
642113	11297
642113	11282
642113	10211821
642113	10010062
642113	2047
642113	18069
634434	11215
634434	2044
634434	1034053
634434	2047
634434	5062
631874	93740
631874	18371
631874	19165
631874	1123
631874	12220
631874	19304
631874	2047
631874	12023
631874	20648
664650	10018368
664650	11260
664650	16124
664650	1016168
664650	11216
664650	11215
664650	11291
664650	20027
664650	4513
664650	14412
643660	11011
643660	20081
643660	1123
643660	2047
643660	1002030
643660	11297
643660	1041009
643660	18079
643660	4513
637516	11011
637516	10123
637516	6194
637516	8160
637516	1021009
637516	10211821
637516	2047
651341	2004
651341	18079
651341	2023
651341	1123
651341	11297
651341	11215
651341	10219
651341	23557
651341	4053
651341	2027
651341	1033
651341	93646
651341	19335
651341	4513
651341	1077
651341	10511282
640589	20081
640589	18372
640589	19334
640589	1001
640589	1123
640589	9216
640589	2047
640589	19335
640589	2050
640589	10019087
631888	19350
631888	5139
631888	1002002
631888	6175
631888	19296
631888	1022053
631888	2047
631888	11291
631888	14412
631888	2032
642129	2044
642129	11250
642129	11819
642129	6179
642129	11165
642129	11215
642129	9160
642129	2064
642129	11821
642129	1022053
642129	15152
642129	10118368
642129	19335
642129	14412
662610	18371
662610	10019146
662610	2010
662610	1123
662610	20081
662610	4582
662610	9206
662610	2047
662610	19335
662610	11601
638035	10010151
638035	1123
638035	20081
638035	2049
638035	1082047
638035	4053
638035	10018079
638035	1055062
638035	1040
638035	14412
716364	12118
716364	20027
716364	2015
716364	11215
716364	10014412
716364	15050
716364	11282
716364	16033
716364	20444
716364	10011819
642133	99064
642133	1001
642133	1053
642133	19335
642133	19364
642133	12142
642133	19206
642133	1077
642554	2048
642554	9016
642554	9003
642554	19334
642554	1001
642554	1002010
642554	93822
642554	9252
732255	10211821
732255	1001
732255	16018
732255	1041009
732255	2009
732255	11168
732255	1017
732255	1002014
732255	11215
732255	11282
732255	2047
732255	1005114
732255	18364
632928	11011
632928	1001
632928	2031
632928	1125
632928	1123
632928	18439
632928	10151
632928	9152
632928	2047
661602	18371
661602	1001
661602	15012
661602	1123
661602	20081
661602	1077
661602	1056
661602	19335
645730	9037
645730	1002014
645730	11167
645730	11165
645730	11215
645730	1002030
645730	11979
645730	9159
645730	4053
645730	11282
645730	12151
645730	2047
645730	11529
795749	93740
795749	1002030
795749	2031
795749	1123
795749	11052
795749	1022020
795749	2026
795751	9037
795751	10211821
795751	5062
795751	2009
795751	11165
795751	1002014
795751	11252
795751	20035
795751	6164
795751	1102047
795751	1011026
643175	1002047
643175	20081
643175	11215
665193	1006
665193	93817
665193	9302
665193	10719297
665193	19087
650858	18371
650858	19334
650858	1001
650858	2010
650858	1123
650858	20081
650858	19335
650858	9176
650858	2047
650858	2050
654441	15015
654441	16424
654441	98962
654441	10093754
654441	1102047
654441	4582
654441	11124
654441	11291
639597	1001001
639597	10511282
639597	20081
639597	10214106
639597	6008
639597	2049
639597	11297
639597	2004
639597	1102047
639597	18033
639597	1023
663150	1034053
663150	11215
663150	11962
663150	12087
663150	12104
663150	93628
663150	93767
663150	2048
663150	10112220
663150	11052
663150	11116
663150	20040
663150	1029159
663151	2044
663151	6172
663151	10220445
663151	6179
663151	11291
663151	4042
663151	11819
663151	15152
663151	16124
663151	19335
\.


--
-- Data for Name: recipes_to_wine; Type: TABLE DATA; Schema: public; Owner: -
--

COPY public.recipes_to_wine (recipe_id, wine_id) FROM stdin;
637440	456096
648709	474066
658967	459019
660504	492948
642113	438603
664650	492964
631888	464148
642129	439943
716364	439943
642133	428306
732255	466468
645730	484130
795751	435919
654441	454393
639597	484870
663150	455542
663151	490914
\.


--
-- Data for Name: wine; Type: TABLE DATA; Schema: public; Owner: -
--

COPY public.wine (title, id, description, "sourceURL", "sourceIMG", rating, price, "ratingCount") FROM stdin;
Beaumont Hope Marguerite Chenin Blanc	456096	Fresh, clean and powerful fruit.Matches brilliantly with seafood especially scallops and any beautifully spicy Asian dish.	https://click.linksynergy.com/deeplink?id=*QCiIS6t4gA&mid=2025&murl=https%3A%2F%2Fwww.wine.com%2Fproduct%2Fbeaumont-hope-marguerite-chenin-blanc-2015%2F217056	https://spoonacular.com/productImages/456096-312x231.jpg	1	$34.99	5
Halter Ranch Vineyard Cabernet Sauvignon	474066	Cabernet Sauvignon is our most widely planted varietal at Halter Ranch with over 70 acres under vine. Our Cabernet Sauvignon possesses a classic profile with aromas of dark cherry and graphite. Bright and fresh on the palate, this wine has flavors of red and black currants with a hint of pencil shavings. Pair with wood-fired pizza, braised game, and roasted or grilled meats.	https://click.linksynergy.com/deeplink?id=*QCiIS6t4gA&mid=2025&murl=https%3A%2F%2Fwww.wine.com%2Fproduct%2Fhalter-ranch-vineyard-cabernet-sauvignon-2017%2F543705	https://spoonacular.com/productImages/474066-312x231.jpg	0.9199999999999999	$36.99	11
Field Recordings Chenin Blanc	459019	Flavors of oyster shell, granny smith apples, chamomile and daffodil.	https://click.linksynergy.com/deeplink?id=*QCiIS6t4gA&mid=2025&murl=https%3A%2F%2Fwww.wine.com%2Fproduct%2Ffield-recordings-chenin-blanc-2016%2F348752	https://spoonacular.com/productImages/459019-312x231.jpg	0.82	$18.99	14
Schloss Johannisberg Rotlack Riesling Kabinett Feinherb	492948	Brilliant light yellow. The nose is pure with lovely herbal notes, lemon grass, physalis and a hint of wild strawberries. The palate is fresh and juicy with delicate, creamy texture, elegant fruit and a long, mineral finish. \nPairs well with salads, seafood, and light chicken dishes.	https://click.linksynergy.com/deeplink?id=*QCiIS6t4gA&mid=2025&murl=https%3A%2F%2Fwww.wine.com%2Fproduct%2Fschloss-johannisberg-rotlack-riesling-kabinett-feinherb-2015%2F348368	https://spoonacular.com/productImages/492948-312x231.jpg	0.96	$39.99	7
Foley Johnson Carneros Chardonnay	438603	Aromas are concentrated and complex in our 2016 Carneros Chardonnay. Notes of grilled peach, pear, buttered croissant, and vanilla set the stage for a rich, and full-bodied Chardonnay. The aromas expand on the palate with mouthwatering flavors of pear, apple crisp, honeysuckle, toasted coconut, and vanilla wafer. This wine’s balance and structure coupled with its bright acidity makes it an age-worthy wine to be enjoyed for several years. Enjoy this beauty with a succulent roasted chicken and wild mushroom risotto.	https://click.linksynergy.com/deeplink?id=*QCiIS6t4gA&mid=2025&murl=https%3A%2F%2Fwww.wine.com%2Fproduct%2Ffoley-johnson-carneros-chardonnay-2014%2F160601	https://spoonacular.com/productImages/438603-312x231.jpg	0.9199999999999999	$22.99	10
Ca' Furlan Cuvee Mariana Sparkling Rose	492964	A great value sparkling pinot noir blend from the makers of Ca’ Furlan Prosecco! Aromas of fresh cherry, strawberry and rose petal. Round and creamy on the palate, with crisp refreshing bubbles and a long, balanced finish.\nBlend: 84% Glera, 16% Pinot Noir	https://click.linksynergy.com/deeplink?id=*QCiIS6t4gA&mid=2025&murl=https%3A%2F%2Fwww.wine.com%2Fproduct%2Fca-furlan-cuvee-mariana-sparkling-rose%2F532624	https://spoonacular.com/productImages/492964-312x231.jpg	0.8400000000000001	$11.99	6
Leo Steen Saini Vineyard Chenin Blanc	464148	Like being transported to a spring meadow, this lovely wine displays enticing aromas of chamomile, lemon verbena, thyme and zesty citrus. On the long, refreshing palate, excellent natural acidity and wet gravel minerality bring beautiful energy to the wine, carrying flavors of green apple and Anjou pear to a bright, focused finish.	https://click.linksynergy.com/deeplink?id=*QCiIS6t4gA&mid=2025&murl=https%3A%2F%2Fwww.wine.com%2Fproduct%2Fleo-steen-saini-vineyard-chenin-blanc-2014%2F162565	https://spoonacular.com/productImages/464148-312x231.jpg	0.8800000000000001	$23.99	5
Essay Chenin Blanc	439943	The Essay Chenin Blanc is a medium-bodied white blend made from South Africa's white varietal, Chenin Blanc. The Chenin Blanc gives the wines its fruit salad, guava and melon aromas and a refreshing acidity. Some sur lie on the less for a few months adds to the complexity and body. A touch of aromatic Viognier complements the fruit structure with some floral hints. The wine is perfect on its own as an aperitif on the porch on a hot summer's day. Chenin Blanc pairs well with a wide range of foods, especially sushi, oysters, Asian curries, sweet-and-sour dishes, and summer salads.Blend: 87% Chenin Blanc, 13% Viognier	https://click.linksynergy.com/deeplink?id=*QCiIS6t4gA&mid=2025&murl=https%3A%2F%2Fwww.wine.com%2Fproduct%2Fessay-chenin-blanc-2014%2F139942	https://spoonacular.com/productImages/439943-312x231.jpg	0.8400000000000001	$8.99	5
Konzelmann Vidal Ice Wine	428306	This golden nectar dessert wine manifests a luscious natural sweetness with distinct aromas of dried apricot and honey. Tropical fruit flavours intermix in the glass and combine with balanced acidity forming an enjoyable, lingering finish. Enjoy serving Vidal Icewine with fruit based desserts that are less sweet than the wine itself. Pairs extremely well with a good piece of Blue Cheese or sip as a dessert on its own.	https://www.amazon.com/2010-Konzelmann-Canada-Vidal-375ml/dp/B00JET4I6K?tag=spoonacular-20	https://spoonacular.com/productImages/428306-312x231.jpg	1	$64.99	1
Willamette Valley Vineyards Whole Cluster Rose of Pinot Noir	466468	Bright pink in color with aromas of juicy strawberry, cherry, tropical lychee and vanilla cream, watermelon, strawberries and cream, red cherry and honeysuckle. Dry with a medium-body, round mouthfeel and vibrant flavors of nectarine, peach, honeysuckle and minerality. The refreshing acidity creates a lively and clean finish.This rosé is a versatile wine to pair with food as it can stand up to complex cuisines yet is comfortable with simple salads and seasonal vegetables. Enjoy with salmon sliders, ahi tuna, vegetable curries, bruschetta, balsamic chicken kabobs, wood-fired flatbreads, niçoise salads, cheese and charcuterie boards. Serve chilled.	https://click.linksynergy.com/deeplink?id=*QCiIS6t4gA&mid=2025&murl=https%3A%2F%2Fwww.wine.com%2Fproduct%2Fwillamette-valley-vineyards-whole-cluster-rose-of-pinot-noir-2016%2F184245	https://spoonacular.com/productImages/466468-312x231.jpg	0.9	$19.99	13
Buena Vista Chateau Buena Vista Pinot Noir	484130	Aromas of black tea and cardamon are layered by notes of blueberry and blackberry. Fresh flavors of cranberry, plum and orange peel provide lively savory notes with a touch of mineral and cardamon. This is a rich and full-bodied Pinot Noir with balanced acidity and a finely textured finish. 	https://click.linksynergy.com/deeplink?id=*QCiIS6t4gA&mid=2025&murl=https%3A%2F%2Fwww.wine.com%2Fproduct%2Fbuena-vista-chateau-buena-vista-pinot-noir-2017%2F592898	https://spoonacular.com/productImages/484130-312x231.jpg	0.96	$38.99	7
Sandhi Sanford and Benedict Pinot Noir	435919	The 2013 Sanford & Benedict offers a richness of ripe red fruits with cherry and plum leading the way. Fresh red rose petals and a touch of bergamot lead to notes of turned soil. On the palate, the wine's complexity and purity of fruit is confirmed with an incredibly lengthy finish.	https://click.linksynergy.com/deeplink?id=*QCiIS6t4gA&mid=2025&murl=https%3A%2F%2Fwww.wine.com%2Fproduct%2Fsandhi-sanford-and-benedict-pinot-noir-2012%2F141735	https://spoonacular.com/productImages/435919-312x231.jpg	0.9400000000000001	$64.99	5
Delaire Graff Chenin Blanc	454393	Light golden wheat color. Layered expressions of citrus and \ntropical fruit with subtle layers of honey and almonds in the \nbackground. Balanced and superbly structured, the flavors are \ncomplimented by a delicate minerality.	https://click.linksynergy.com/deeplink?id=*QCiIS6t4gA&mid=2025&murl=https%3A%2F%2Fwww.wine.com%2Fproduct%2Fdelaire-graff-chenin-blanc-2012%2F135239	https://spoonacular.com/productImages/454393-312x231.jpg	0.8	$20.99	5
Duboeuf Beaujolais Nouveau Rose	484870	Crisp, fresh and thirst-quenching, Beaujolais Nouveau Rosé has notes of white peach and citrus.\nPerfect to serve as an aperitif with fresh fruit and cheese or with a slice of pie for dessert.	https://click.linksynergy.com/deeplink?id=*QCiIS6t4gA&mid=2025&murl=https%3A%2F%2Fwww.wine.com%2Fproduct%2Fduboeuf-beaujolais-nouveau-rose-2019%2F533924	https://spoonacular.com/productImages/484870-312x231.jpg	0.9199999999999999	$14.99	11
Tania et Vincent Careme Terre Brulee Chenin Blanc	455542	#65 Wine Spectator Top 100 of 2019A crowd pleasing Chenin Blanc for any occasion, this lush bottling delivers notes of honeysuckle and citrus which are balanced by a bright, seamless acidity.	https://click.linksynergy.com/deeplink?id=*QCiIS6t4gA&mid=2025&murl=https%3A%2F%2Fwww.wine.com%2Fproduct%2Ftania-et-vincent-careme-terre-brulee-chenin-blanc-2015%2F155207	https://spoonacular.com/productImages/455542-312x231.jpg	0.82	$15.99	6
St. Michael-Eppan Anger Pinot Grigio	490914	Depending on the soil and microclimate, Pinot gris varies from a simple everyday wine all the way up to absolute top growths. The warm, sun-exposed vineyards of the Anger sites, with their loamy limestone gravel soils, are a textbook example. The Anger Alto Adige Pinot Grigio has a noble structure, nice balance and fine acidity – making it an absolute pleasure to drink. The strong white goes well with fish and fish soup, guinea fowl breast or veal fillet.	https://click.linksynergy.com/deeplink?id=*QCiIS6t4gA&mid=2025&murl=https%3A%2F%2Fwww.wine.com%2Fproduct%2Fst-michael-eppan-anger-pinot-grigio-2018%2F535614	https://spoonacular.com/productImages/490914-312x231.jpg	0.86	$22.99	22
\.


--
-- Name: ingredient_id_seq; Type: SEQUENCE SET; Schema: public; Owner: -
--

SELECT pg_catalog.setval('public.ingredient_id_seq', 1, false);


--
-- Name: recipe_id_seq; Type: SEQUENCE SET; Schema: public; Owner: -
--

SELECT pg_catalog.setval('public.recipe_id_seq', 1, false);


--
-- Name: wine_id_seq; Type: SEQUENCE SET; Schema: public; Owner: -
--

SELECT pg_catalog.setval('public.wine_id_seq', 1, false);


--
-- Name: ingredient ingredient_pkey; Type: CONSTRAINT; Schema: public; Owner: -
--

ALTER TABLE ONLY public.ingredient
    ADD CONSTRAINT ingredient_pkey PRIMARY KEY (id);


--
-- Name: recipe recipe_pkey; Type: CONSTRAINT; Schema: public; Owner: -
--

ALTER TABLE ONLY public.recipe
    ADD CONSTRAINT recipe_pkey PRIMARY KEY (id);


--
-- Name: wine wine_pkey; Type: CONSTRAINT; Schema: public; Owner: -
--

ALTER TABLE ONLY public.wine
    ADD CONSTRAINT wine_pkey PRIMARY KEY (id);


--
-- Name: ing_to_wine ing_to_wine_ingredient_id_fkey; Type: FK CONSTRAINT; Schema: public; Owner: -
--

ALTER TABLE ONLY public.ing_to_wine
    ADD CONSTRAINT ing_to_wine_ingredient_id_fkey FOREIGN KEY (ingredient_id) REFERENCES public.ingredient(id);


--
-- Name: ing_to_wine ing_to_wine_wine_id_fkey; Type: FK CONSTRAINT; Schema: public; Owner: -
--

ALTER TABLE ONLY public.ing_to_wine
    ADD CONSTRAINT ing_to_wine_wine_id_fkey FOREIGN KEY (wine_id) REFERENCES public.wine(id);


--
-- Name: recipes_to_ing recipes_to_ing_ingredient_id_fkey; Type: FK CONSTRAINT; Schema: public; Owner: -
--

ALTER TABLE ONLY public.recipes_to_ing
    ADD CONSTRAINT recipes_to_ing_ingredient_id_fkey FOREIGN KEY (ingredient_id) REFERENCES public.ingredient(id);


--
-- Name: recipes_to_ing recipes_to_ing_recipe_id_fkey; Type: FK CONSTRAINT; Schema: public; Owner: -
--

ALTER TABLE ONLY public.recipes_to_ing
    ADD CONSTRAINT recipes_to_ing_recipe_id_fkey FOREIGN KEY (recipe_id) REFERENCES public.recipe(id);


--
-- Name: recipes_to_wine recipes_to_wine_recipe_id_fkey; Type: FK CONSTRAINT; Schema: public; Owner: -
--

ALTER TABLE ONLY public.recipes_to_wine
    ADD CONSTRAINT recipes_to_wine_recipe_id_fkey FOREIGN KEY (recipe_id) REFERENCES public.recipe(id);


--
-- Name: recipes_to_wine recipes_to_wine_wine_id_fkey; Type: FK CONSTRAINT; Schema: public; Owner: -
--

ALTER TABLE ONLY public.recipes_to_wine
    ADD CONSTRAINT recipes_to_wine_wine_id_fkey FOREIGN KEY (wine_id) REFERENCES public.wine(id);


--
-- PostgreSQL database dump complete
--

